<?xml version="1.0" encoding="UTF-8"?>
<catalogo_prodotti xmlns:xsi="http://www.w3.org/2001/XMLSchema-instance" xsi:noNamespaceSchemaLocation="catalogo_prodotti.xsd">
<prodotto><id_prodotto>1</id_prodotto><nome>v</nome><descrizione>tr</descrizione><prezzo>5</prezzo><tipologia>magliette</tipologia><sconto_generico>10</sconto_generico><bonus>5</bonus><sconto><x>1</x><y>1</y><m>50</m><data_m>2024-03-05</data_m><n>50</n><r>3</r><ha_acquistato>0</ha_acquistato></sconto><immagine>../img/calzettoni_australiani-removebg-preview.png</immagine></prodotto><prodotto><id_prodotto>2</id_prodotto><nome>Pantaloncino Italia</nome><descrizione>bello bello</descrizione><prezzo>30</prezzo><tipologia>pantaloncini</tipologia><sconto_generico>0</sconto_generico><bonus>0</bonus><sconto><x>0</x><y>0</y><m>0</m><data_m>0</data_m><n>0</n><r>0</r><ha_acquistato>0</ha_acquistato></sconto><immagine>../img/download-removebg-preview.png</immagine></prodotto><prodotto><id_prodotto>3</id_prodotto><nome>GucciMain</nome><descrizione>La maglietta, t-shirt o semplicemente tee è un capo di abbigliamento di stoffa, senza bottoni e senza colletto, che ricopre il torso di chi la indossa. Può essere confezionata a maniche lunghe o a maniche corte, in tessuti naturali come il cotone, od in fibre sintetiche.</descrizione><prezzo>60</prezzo><tipologia>magliette</tipologia><sconto_generico>5</sconto_generico><bonus>5</bonus><sconto><x>1</x><y>1</y><m>10</m><data_m>2024-03-05</data_m><n>10</n><r>3</r><ha_acquistato>0</ha_acquistato></sconto><immagine>../img/all blacks.png</immagine></prodotto><prodotto><id_prodotto>4</id_prodotto><nome>ff</nome><descrizione>rrr</descrizione><prezzo>40</prezzo><tipologia>calzettoni</tipologia><sconto_generico>5</sconto_generico><bonus>5</bonus><sconto><x>1</x><y>1</y><m>10</m><data_m>2024-03-05</data_m><n>10</n><r>3</r><ha_acquistato>0</ha_acquistato></sconto><immagine>../img/calzettoni_all_blacks-removebg-preview.png</immagine></prodotto><prodotto><id_prodotto>5</id_prodotto><nome>33</nome><descrizione>ciao</descrizione><prezzo>5</prezzo><tipologia>pantaloncini</tipologia><sconto_generico>5</sconto_generico><bonus>5</bonus><sconto><x>1</x><y>1</y><m>10</m><data_m>2024-03-05</data_m><n>10</n><r>3</r><ha_acquistato>0</ha_acquistato></sconto><immagine>../img/calzettoni all blacks.jpeg</immagine></prodotto></catalogo_prodotti>
