<?xml version="1.0" encoding="UTF-8"?>
<catalogo_prodotti xmlns:xsi="http://www.w3.org/2001/XMLSchema-instance" xsi:noNamespaceSchemaLocation="catalogo_prodotti.xsd">
  <prodotto>
    <id_prodotto>2</id_prodotto>
    <nome>ws</nome>
    <descrizione>Le caratteristiche tipiche di una maglietta da rugby includono collo a giro o a V, maniche lunghe o corte, e spesso la presenza del logo della federazione di rugby nazionale e del fornitore dell'abbigliamento sportivo. Il design può variare di anno in anno o in base agli eventi, ma spesso si riflette sulla storia e sulla cultura del paese.</descrizione>
    <prezzo>45</prezzo>
    <tipologia>magliette</tipologia>
    <immagine>../img/download__1_-removebg-preview.png</immagine>
    <domande>
      <domanda id_prodotto="2" id_utente="2">
        <autore>federico@gmail.com</autore>
        <testo>edsw</testo>
        <id_domanda>65cca6124ca63</id_domanda>
        <risposte>
          <risposta id_prodotto="2" id_utente="1">
            <id_risposta>65ccaab65381f</id_risposta>
            <autore>lorenzofrancescotti@gmail.com</autore>
            <data>2024-02-14</data>
            <ora>12:57:42</ora>
            <testo>cc</testo>
            <utilita>
              <valore id_utente="13" reputazione_Vot="1">1</valore>
            </utilita>
            <supporto>
              <valore id_utente="13" reputazione_Vot="1">1</valore>
            </supporto>
          </risposta>
          <risposta id_prodotto="2" id_utente="13">
            <id_risposta>65ccab330a86f</id_risposta>
            <autore>f4@gmail.com</autore>
            <data>2024-02-14</data>
            <ora>12:59:47</ora>
            <testo>errcd</testo>
          </risposta>
        </risposte>
        <utilita>
          <valore id_utente="1" reputazione_Vot="3">2</valore>
          <valore id_utente="3" reputazione_Vot="3">2</valore>
          <valore id_utente="10" reputazione_Vot="11">1</valore>
          <valore id_utente="13" reputazione_Vot="1">1</valore>
        </utilita>
        <supporto>
          <valore id_utente="1" reputazione_Vot="3">2</valore>
          <valore id_utente="3" reputazione_Vot="3">2</valore>
          <valore id_utente="10" reputazione_Vot="11">1</valore>
          <valore id_utente="13" reputazione_Vot="1">1</valore>
        </supporto>
      </domanda>
    </domande>
  </prodotto>
</catalogo_prodotti>
