<?xml version="1.0" encoding="UTF-8"?>
<catalogo_prodotti xmlns:xsi="http://www.w3.org/2001/XMLSchema-instance" xsi:noNamespaceSchemaLocation="catalogo_prodotti.xsd">
  <prodotto>
    <id_prodotto>2</id_prodotto>
    <nome>Pantaloncino Italia</nome>
    <descrizione>bello bello</descrizione>
    <prezzo>30</prezzo>
    <tipologia>pantaloncini</tipologia>
    <sconto_generico>0</sconto_generico>
    <bonus>0</bonus>
    <sconto>
      <x>0</x>
      <y>0</y>
      <m>0</m>
      <data_m>0</data_m>
      <n>0</n>
      <r>0</r>
      <ha_acquistato>0</ha_acquistato>
    </sconto>
    <immagine>../img/download-removebg-preview.png</immagine>
    <domande>
      <domanda id_prodotto="2" id_utente="3" segnalato="0">
        <autore>federicodelullo84@gmail.com</autore>
        <testo>  cc</testo>
        <id_domanda>65ecf1ae5376c</id_domanda>
        <utilita>
          <valore id_utente="4" reputazione_Vot="1">3</valore>
          <valore id_utente="2" reputazione_Vot="10">2</valore>
        </utilita>
        <supporto>
          <valore id_utente="4" reputazione_Vot="1">2</valore>
          <valore id_utente="2" reputazione_Vot="10">1</valore>
        </supporto>
        <risposte>
          <risposta id_prodotto="2" id_utente="2" segnalato="1">
            <id_risposta>65ecf2c552c85</id_risposta>
            <id_domanda>65ecf1ae5376c</id_domanda>
            <autore>federico@gmail.com</autore>
            <data>2024-03-10</data>
            <ora>00:37:41</ora>
            <testo> osap</testo>
            <utilita_risposta>
              <valore id_utente="4" reputazione_Vot="4">2</valore>
            </utilita_risposta>
            <supporto_risposta>
              <valore id_utente="4" reputazione_Vot="4">2</valore>
            </supporto_risposta>
          </risposta>
          <risposta id_prodotto="2" id_utente="1" segnalato="0">
            <id_risposta>65eddadc701b6</id_risposta>
            <id_domanda>65ecf1ae5376c</id_domanda>
            <autore>lorenzofrancescotti@gmail.com</autore>
            <data>2024-03-10</data>
            <ora>17:07:56</ora>
            <testo>ciao</testo>
          </risposta>
        </risposte>
      </domanda>
    </domande>
    <recensioni>
      <recensione id_prodotto="2" id_utente="3" segnalato="0">
        <autore>federicodelullo84@gmail.com</autore>
        <testo>yrter</testo>
        <data>2024-03-10</data>
        <ora>00:33:16</ora>
        <id_recensione>65ecf1bea2ac4</id_recensione>
        <utilita>
          <valore id_utente="4" reputazione_Vot="1">2</valore>
        </utilita>
        <supporto>
          <valore id_utente="4" reputazione_Vot="1">3</valore>
        </supporto>
      </recensione>
    </recensioni>
  </prodotto>
</catalogo_prodotti>
