<?xml version="1.0" encoding="UTF-8"?>
<catalogo_prodotti xmlns:xsi="http://www.w3.org/2001/XMLSchema-instance" xsi:noNamespaceSchemaLocation="catalogo_prodotti.xsd">
<prodotto><id_prodotto>1</id_prodotto><nome>v</nome><descrizione>tr</descrizione><prezzo>5</prezzo><tipologia>magliette</tipologia><sconto_generico>10</sconto_generico><bonus>5</bonus><sconto><x>1</x><y>1</y><m>50</m><data_m>2024-03-05</data_m><n>50</n><r>3</r><ha_acquistato>0</ha_acquistato></sconto><immagine>../img/calzettoni_australiani-removebg-preview.png</immagine></prodotto></catalogo_prodotti>
