<?xml version="1.0" encoding="UTF-8"?>
<catalogo_prodotti xmlns:xsi="http://www.w3.org/2001/XMLSchema-instance" xsi:noNamespaceSchemaLocation="catalogo_prodotti.xsd">
<prodotto><id_prodotto>1</id_prodotto><nome>hk</nome><descrizione>uhk</descrizione><prezzo>85</prezzo><tipologia>magliette</tipologia><immagine>../img/images-removebg-preview.png</immagine><recensioni><recensione id_prodotto="1"><autore>federico@gmail.com</autore><testo>ghbjn</testo><data>2023-12-08</data><ora>13:28:51</ora><id_recensione>65730c05cf25a</id_recensione><utilita id_utente="1"><valore>2</valore></utilita><supporto id_utente="1"><valore>3</valore></supporto><utilita id_utente="2"><valore>1</valore></utilita><supporto id_utente="2"><valore>3</valore></supporto><utilita id_utente="2"><valore>2</valore></utilita><supporto id_utente="2"><valore>2</valore></supporto><utilita id_utente="2"><valore>2</valore></utilita><supporto id_utente="2"><valore>2</valore></supporto></recensione><recensione id_prodotto="1"><autore>federico@gmail.com</autore><testo>fsd</testo><data>2023-12-08</data><ora>14:07:52</ora><id_recensione>6573152b15d18</id_recensione><utilita id_utente="0"><valore>0</valore></utilita><supporto id_utente="0"><valore>0</valore></supporto><utilita id_utente="2"><valore>2</valore></utilita><supporto id_utente="2"><valore>2</valore></supporto><utilita id_utente="2"><valore>2</valore></utilita><supporto id_utente="2"><valore>3</valore></supporto><utilita id_utente=""><valore>2</valore></utilita><supporto id_utente=""><valore>3</valore></supporto><utilita id_utente=""><valore>1</valore></utilita><supporto id_utente=""><valore>2</valore></supporto><utilita id_utente=""><valore>1</valore></utilita><supporto id_utente=""><valore>1</valore></supporto></recensione></recensioni></prodotto></catalogo_prodotti>
