<?xml version="1.0" encoding="UTF-8"?>
<catalogo_prodotti xmlns:xsi="http://www.w3.org/2001/XMLSchema-instance" xsi:noNamespaceSchemaLocation="catalogo_prodotti.xsd">
  <prodotto>
    <id_prodotto>1</id_prodotto>
    <nome>v</nome>
    <descrizione>vbb</descrizione>
    <prezzo>5</prezzo>
    <tipologia>magliette</tipologia>
    <immagine>../img/calzettoni_australiani-removebg-preview.png</immagine>
    <domande>
      <domanda id_prodotto="1" id_utente="1" segnalato="1">
        <autore>lorenzofrancescotti@gmail.com</autore>
        <testo>bvcds</testo>
        <id_domanda>65df3e861c66b</id_domanda>
      </domanda>
      <domanda id_prodotto="1" id_utente="1" segnalato="1">
        <autore>lorenzofrancescotti@gmail.com</autore>
        <testo>tbgrvfcedxwqs</testo>
        <id_domanda>65df42e11f27e</id_domanda>
      </domanda>
      <domanda id_prodotto="1" id_utente="1" segnalato="1">
        <autore>lorenzofrancescotti@gmail.com</autore>
        <testo>m7u6n5yg4tf3rwdqesW</testo>
        <id_domanda>65df42e7893b6</id_domanda>
        <risposte>
          <risposta id_prodotto="1" id_utente="3" segnalato="1">
            <id_risposta>65df4551063de</id_risposta>
            <id_domanda>65df42e7893b6</id_domanda>
            <autore>federicodelullo84@gmail.com</autore>
            <data>2024-02-28</data>
            <ora>15:38:09</ora>
            <testo>ffff</testo>
          </risposta>
        </risposte>
      </domanda>
    </domande>
  </prodotto>
  <prodotto>
    <id_prodotto>2</id_prodotto>
    <nome>ytgfrdesw</nome>
    <descrizione>ybtrgvefcwds</descrizione>
    <prezzo>523</prezzo>
    <tipologia>magliette</tipologia>
    <immagine>../img/calzettoni_all_blacks-removebg-preview.png</immagine>
    <domande>
      <domanda id_prodotto="2" id_utente="1" segnalato="1">
        <autore>lorenzofrancescotti@gmail.com</autore>
        <testo>vvvv</testo>
        <id_domanda>65e1e2f142c59</id_domanda>
      </domanda>
    </domande>
  </prodotto>
  <prodotto>
    <id_prodotto>3</id_prodotto>
    <nome>gg</nome>
    <descrizione>b vfcd</descrizione>
    <prezzo>25</prezzo>
    <tipologia>magliette</tipologia>
    <immagine>../img/calzettoni_australiani-removebg-preview.png</immagine>
    <recensioni>
      <recensione id_prodotto="3" id_utente="1" segnalato="1">
        <autore>lorenzofrancescotti@gmail.com</autore>
        <testo>jhjn</testo>
        <data>2024-02-28</data>
        <ora>15:41:47</ora>
        <id_recensione>65df462d882f3</id_recensione>
      </recensione>
      <recensione id_prodotto="3" id_utente="3" segnalato="1">
        <autore>federicodelullo84@gmail.com</autore>
        <testo>gfsda</testo>
        <data>2024-02-28</data>
        <ora>15:53:25</ora>
        <id_recensione>65df48e78464b</id_recensione>
        <utilita>
          <valore id_utente="4" reputazione_Vot="1">2</valore>
        </utilita>
        <supporto>
          <valore id_utente="4" reputazione_Vot="1">2</valore>
        </supporto>
      </recensione>
      <recensione id_prodotto="3" id_utente="4" segnalato="1">
        <autore>federicodelullo@gmail.com</autore>
        <testo>5tg4fr3de</testo>
        <data>2024-02-28</data>
        <ora>15:53:54</ora>
        <id_recensione>65df4903d16f1</id_recensione>
      </recensione>
      <recensione id_prodotto="3" id_utente="6" segnalato="1">
        <autore>immobile@gmail.com</autore>
        <testo>trentatretrentini</testo>
        <data>2024-02-29</data>
        <ora>22:57:43</ora>
        <id_recensione>65e0fddf5a020</id_recensione>
        <utilita>
          <valore id_utente="3" reputazione_Vot="9">3</valore>
          <valore id_utente="9" reputazione_Vot="10">1</valore>
        </utilita>
        <supporto>
          <valore id_utente="3" reputazione_Vot="9">3</valore>
          <valore id_utente="9" reputazione_Vot="10">1</valore>
        </supporto>
      </recensione>
      <recensione id_prodotto="3" id_utente="3" segnalato="1">
        <autore>bellanova@gmail.com</autore>
        <testo>rauolo</testo>
        <data>2024-02-29</data>
        <ora>22:59:27</ora>
        <id_recensione>65e0fe453b035</id_recensione>
        <utilita>
          <valore id_utente="9" reputazione_Vot="10">1</valore>
        </utilita>
        <supporto>
          <valore id_utente="9" reputazione_Vot="10">1</valore>
        </supporto>
      </recensione>
      <recensione id_prodotto="3" id_utente="3" segnalato="1">
        <autore>bellanova@gmail.com</autore>
        <testo>bimbo</testo>
        <data>2024-02-29</data>
        <ora>23:40:46</ora>
        <id_recensione>65e107f39ce7e</id_recensione>
        <utilita>
          <valore id_utente="6" reputazione_Vot="4">1</valore>
          <valore id_utente="9" reputazione_Vot="10">3</valore>
        </utilita>
        <supporto>
          <valore id_utente="6" reputazione_Vot="4">1</valore>
          <valore id_utente="9" reputazione_Vot="10">3</valore>
        </supporto>
      </recensione>
      <recensione id_prodotto="3" id_utente="3" segnalato="1">
        <autore>federicodelullo84@gmail.com</autore>
        <testo>3rewfsd</testo>
        <data>2024-03-01</data>
        <ora>14:58:12</ora>
        <id_recensione>65e1def5cbb47</id_recensione>
      </recensione>
      <recensione id_prodotto="3" id_utente="3" segnalato="1">
        <autore>federicodelullo84@gmail.com</autore>
        <testo>rgevfwcdas</testo>
        <data>2024-03-01</data>
        <ora>14:58:18</ora>
        <id_recensione>65e1defb87c1f</id_recensione>
      </recensione>
    </recensioni>
    <domande>
      <domanda id_prodotto="3" id_utente="3" segnalato="1">
        <autore>federicodelullo84@gmail.com</autore>
        <testo>nhbtgvrfcd</testo>
        <id_domanda>65df487f919f3</id_domanda>
        <risposte>
          <risposta id_prodotto="3" id_utente="4" segnalato="1">
            <id_risposta>65df48fc93720</id_risposta>
            <id_domanda>65df487f919f3</id_domanda>
            <autore>federicodelullo@gmail.com</autore>
            <data>2024-02-28</data>
            <ora>15:53:48</ora>
            <testo>tfr3des</testo>
          </risposta>
        </risposte>
        <utilita>
          <valore id_utente="5" reputazione_Vot="1">2</valore>
        </utilita>
        <supporto>
          <valore id_utente="5" reputazione_Vot="1">2</valore>
        </supporto>
      </domanda>
      <domanda id_prodotto="3" id_utente="1" segnalato="1">
        <autore>lorenzofrancescotti@gmail.com</autore>
        <testo>gvcxsza</testo>
        <id_domanda>65df4a4e2cd78</id_domanda>
        <risposte>
          <risposta id_prodotto="3" id_utente="3" segnalato="1">
            <id_risposta>65df4a5e56b32</id_risposta>
            <id_domanda>65df4a4e2cd78</id_domanda>
            <autore>federicodelullo84@gmail.com</autore>
            <data>2024-02-28</data>
            <ora>15:59:42</ora>
            <testo>rgefwd</testo>
          </risposta>
          <risposta id_prodotto="3" id_utente="3" segnalato="1">
            <id_risposta>65df4b0eaf9b2</id_risposta>
            <id_domanda>65df4a4e2cd78</id_domanda>
            <autore>federicodelullo84@gmail.com</autore>
            <data>2024-02-28</data>
            <ora>16:02:38</ora>
            <testo>ffff</testo>
          </risposta>
          <risposta id_prodotto="3" id_utente="3" segnalato="0">
            <id_risposta>65df4b11821f3</id_risposta>
            <id_domanda>65df4a4e2cd78</id_domanda>
            <autore>federicodelullo84@gmail.com</autore>
            <data>2024-02-28</data>
            <ora>16:02:41</ora>
            <testo>hhhhhhh</testo>
          </risposta>
        </risposte>
      </domanda>
      <domanda id_prodotto="3" id_utente="1" segnalato="1">
        <autore>lorenzofrancescotti@gmail.com</autore>
        <testo>prova</testo>
        <id_domanda>65e0fd6ea9fe4</id_domanda>
        <risposte>
          <risposta id_prodotto="3" id_utente="6" segnalato="1">
            <id_risposta>65e0fde969592</id_risposta>
            <id_domanda>65e0fd6ea9fe4</id_domanda>
            <autore>immobile@gmail.com</autore>
            <data>2024-02-29</data>
            <ora>22:58:01</ora>
            <testo>non ha senso</testo>
            <utilita_risposta>
              <valore id_utente="3" reputazione_Vot="9">2</valore>
              <valore id_utente="1" reputazione_Vot="11">1</valore>
            </utilita_risposta>
            <supporto_risposta>
              <valore id_utente="3" reputazione_Vot="9">2</valore>
              <valore id_utente="1" reputazione_Vot="11">1</valore>
            </supporto_risposta>
          </risposta>
          <risposta id_prodotto="3" id_utente="3" segnalato="0">
            <id_risposta>65e0febd7b0dd</id_risposta>
            <id_domanda>65e0fd6ea9fe4</id_domanda>
            <autore>bellanova@gmail.com</autore>
            <data>2024-02-29</data>
            <ora>23:01:33</ora>
            <testo>giovi</testo>
            <utilita_risposta>
              <valore id_utente="9" reputazione_Vot="10">4</valore>
            </utilita_risposta>
            <supporto_risposta>
              <valore id_utente="9" reputazione_Vot="10">3</valore>
            </supporto_risposta>
          </risposta>
          <risposta id_prodotto="3" id_utente="3" segnalato="0">
            <id_risposta>65e0fed9134eb</id_risposta>
            <id_domanda>65e0fd6ea9fe4</id_domanda>
            <autore>bellanova@gmail.com</autore>
            <data>2024-02-29</data>
            <ora>23:02:01</ora>
            <testo>superga</testo>
            <utilita_risposta>
              <valore id_utente="9" reputazione_Vot="10">1</valore>
            </utilita_risposta>
            <supporto_risposta>
              <valore id_utente="9" reputazione_Vot="10">1</valore>
            </supporto_risposta>
          </risposta>
          <risposta id_prodotto="3" id_utente="9" segnalato="0">
            <id_risposta>65e0ffa730b94</id_risposta>
            <id_domanda>65e0fd6ea9fe4</id_domanda>
            <autore>frendrup@gmail.com</autore>
            <data>2024-02-29</data>
            <ora>23:05:27</ora>
            <testo>bbb</testo>
          </risposta>
        </risposte>
        <utilita>
          <valore id_utente="6" reputazione_Vot="10">1</valore>
          <valore id_utente="3" reputazione_Vot="9">4</valore>
          <valore id_utente="9" reputazione_Vot="10">2</valore>
          <valore id_utente="2" reputazione_Vot="10">1</valore>
        </utilita>
        <supporto>
          <valore id_utente="6" reputazione_Vot="10">1</valore>
          <valore id_utente="3" reputazione_Vot="9">1</valore>
          <valore id_utente="9" reputazione_Vot="10">3</valore>
          <valore id_utente="2" reputazione_Vot="10">1</valore>
        </supporto>
      </domanda>
      <domanda id_prodotto="3" id_utente="1" segnalato="1">
        <autore>lorenzofrancescotti@gmail.com</autore>
        <testo>bello</testo>
        <id_domanda>65e0fd75017a6</id_domanda>
        <utilita>
          <valore id_utente="6" reputazione_Vot="10">2</valore>
          <valore id_utente="3" reputazione_Vot="5">1</valore>
          <valore id_utente="9" reputazione_Vot="10">1</valore>
        </utilita>
        <supporto>
          <valore id_utente="6" reputazione_Vot="10">3</valore>
          <valore id_utente="3" reputazione_Vot="5">1</valore>
          <valore id_utente="9" reputazione_Vot="10">2</valore>
        </supporto>
        <risposte>
          <risposta id_prodotto="3" id_utente="6" segnalato="1">
            <id_risposta>65e0fe169324c</id_risposta>
            <id_domanda>65e0fd75017a6</id_domanda>
            <autore>immobile@gmail.com</autore>
            <data>2024-02-29</data>
            <ora>22:58:46</ora>
            <testo>daeiii</testo>
            <utilita_risposta>
              <valore id_utente="3" reputazione_Vot="5">2</valore>
              <valore id_utente="9" reputazione_Vot="10">1</valore>
            </utilita_risposta>
            <supporto_risposta>
              <valore id_utente="3" reputazione_Vot="5">3</valore>
              <valore id_utente="9" reputazione_Vot="10">1</valore>
            </supporto_risposta>
          </risposta>
          <risposta id_prodotto="3" id_utente="6" segnalato="1">
            <id_risposta>65e0fe240dc1c</id_risposta>
            <id_domanda>65e0fd75017a6</id_domanda>
            <autore>immobile@gmail.com</autore>
            <data>2024-02-29</data>
            <ora>22:59:00</ora>
            <testo>mmmmhmh</testo>
          </risposta>
          <risposta id_prodotto="3" id_utente="3" segnalato="0">
            <id_risposta>65e103f7b22f6</id_risposta>
            <id_domanda>65e0fd75017a6</id_domanda>
            <autore>bellanova@gmail.com</autore>
            <data>2024-02-29</data>
            <ora>23:23:51</ora>
            <testo>sium</testo>
          </risposta>
        </risposte>
      </domanda>
      <domanda id_prodotto="3" id_utente="3" segnalato="1">
        <autore>federicodelullo84@gmail.com</autore>
        <testo>tegrwfeqdsl</testo>
        <id_domanda>65e1decb8859b</id_domanda>
        <risposte>
          <risposta id_prodotto="3" id_utente="4" segnalato="0">
            <id_risposta>65e1e00e681d1</id_risposta>
            <id_domanda>65e1decb8859b</id_domanda>
            <autore>federicodelullo@gmail.com</autore>
            <data>2024-03-01</data>
            <ora>15:02:54</ora>
            <testo>eeeeeeeeeeee</testo>
          </risposta>
        </risposte>
      </domanda>
      <domanda id_prodotto="3" id_utente="3" segnalato="1">
        <autore>federicodelullo84@gmail.com</autore>
        <testo>ouylikjòbln</testo>
        <id_domanda>65e1ded0697c3</id_domanda>
      </domanda>
      <domanda id_prodotto="3" id_utente="3" segnalato="1">
        <autore>federicodelullo84@gmail.com</autore>
        <testo>bgbb</testo>
        <id_domanda>65e1e8d0d80cb</id_domanda>
      </domanda>
    </domande>
  </prodotto>
<prodotto><id_prodotto>4</id_prodotto><nome>trew</nome><descrizione>vfc</descrizione><prezzo>35</prezzo><tipologia>pantaloncini</tipologia><immagine>../img/calzettoni_australiani-removebg-preview.png</immagine></prodotto><prodotto><id_prodotto>5</id_prodotto><nome>4f2</nome><descrizione>yb5gt3fr</descrizione><prezzo>6</prezzo><tipologia>pantaloncini</tipologia><immagine>../img/calzettoni australiani.jpeg</immagine></prodotto><prodotto><id_prodotto>6</id_prodotto><nome>5rr</nome><descrizione>g</descrizione><prezzo>2</prezzo><tipologia>calzettoni</tipologia><immagine>../img/calzettoni_australiani-removebg-preview.png</immagine></prodotto></catalogo_prodotti>
