<?xml version="1.0" encoding="UTF-8"?>
<catalogo_prodotti xmlns:xsi="http://www.w3.org/2001/XMLSchema-instance" xsi:noNamespaceSchemaLocation="catalogo_prodotti.xsd">
  <prodotto>
    <id_prodotto>1</id_prodotto>
    <nome>Maglia AS Roma 2021-2022</nome>
    <descrizione>Le caratteristiche tipiche di una maglietta da rugby includono collo a giro o a V, maniche lunghe o corte, e spesso la presenza del logo della federazione di rugby nazionale e del fornitore dell'abbigliamento sportivo. Il design può variare di anno in anno o in base agli eventi, ma spesso si riflette sulla storia e sulla cultura del paese.</descrizione>
    <prezzo>52</prezzo>
    <tipologia>magliette</tipologia>
    <immagine>../img/images-removebg-preview.png</immagine>
    <domande>
      
      
    <domanda id_prodotto="1" id_utente="2"><autore>federico@gmail.com</autore><testo>cc</testo><id_domanda>65c6ad549b20d</id_domanda></domanda></domande>
    <recensioni>
      <recensione id_prodotto="1" id_utente="2">
        <autore>federico@gmail.com</autore>
        <testo>esdc</testo>
        <data>2024-02-09</data>
        <ora>22:48:52</ora>
        <id_recensione>65c69dc68dd33</id_recensione>
        <utilita>
          <valore id_utente="4" reputazione_Vot="5">2</valore>
          <valore id_utente="3" reputazione_Vot="3">2</valore>
        </utilita>
        <supporto>
          <valore id_utente="4" reputazione_Vot="5">1</valore>
          <valore id_utente="3" reputazione_Vot="3">1</valore>
        </supporto>
      </recensione>
    </recensioni>
  </prodotto>
  <prodotto>
    <id_prodotto>2</id_prodotto>
    <nome>Maglia AS Roma 2021-2022</nome>
    <descrizione>hikjlkn</descrizione>
    <prezzo>9685</prezzo>
    <tipologia>magliette</tipologia>
    <immagine>../img/logo.jpg</immagine>
  </prodotto>
</catalogo_prodotti>
