<?xml version="1.0" encoding="UTF-8"?>
<catalogo_prodotti xmlns:xsi="http://www.w3.org/2001/XMLSchema-instance" xsi:noNamespaceSchemaLocation="catalogo_prodotti.xsd">
  <prodotto>
    <id_prodotto>1</id_prodotto>
    <nome>v</nome>
    <descrizione>vbb</descrizione>
    <prezzo>5</prezzo>
    <tipologia>magliette</tipologia>
    <immagine>../img/calzettoni_australiani-removebg-preview.png</immagine>
    <domande>
      <domanda id_prodotto="1" id_utente="1" segnalato="1">
        <autore>lorenzofrancescotti@gmail.com</autore>
        <testo>bvcds</testo>
        <id_domanda>65df3e861c66b</id_domanda>
      </domanda>
      <domanda id_prodotto="1" id_utente="1" segnalato="1">
        <autore>lorenzofrancescotti@gmail.com</autore>
        <testo>tbgrvfcedxwqs</testo>
        <id_domanda>65df42e11f27e</id_domanda>
      </domanda>
      <domanda id_prodotto="1" id_utente="1" segnalato="1">
        <autore>lorenzofrancescotti@gmail.com</autore>
        <testo>m7u6n5yg4tf3rwdqesW</testo>
        <id_domanda>65df42e7893b6</id_domanda>
        <risposte>
          <risposta id_prodotto="1" id_utente="3" segnalato="1">
            <id_risposta>65df4551063de</id_risposta>
            <id_domanda>65df42e7893b6</id_domanda>
            <autore>federicodelullo84@gmail.com</autore>
            <data>2024-02-28</data>
            <ora>15:38:09</ora>
            <testo>ffff</testo>
          </risposta>
        </risposte>
      </domanda>
    </domande>
  </prodotto>
  <prodotto>
    <id_prodotto>2</id_prodotto>
    <nome>ytgfrdesw</nome>
    <descrizione>ybtrgvefcwds</descrizione>
    <prezzo>523</prezzo>
    <tipologia>magliette</tipologia>
    <immagine>../img/calzettoni_all_blacks-removebg-preview.png</immagine>
  </prodotto>
  <prodotto>
    <id_prodotto>3</id_prodotto>
    <nome>gg</nome>
    <descrizione>b vfcd</descrizione>
    <prezzo>25</prezzo>
    <tipologia>magliette</tipologia>
    <immagine>../img/calzettoni_australiani-removebg-preview.png</immagine>
    <recensioni>
      <recensione id_prodotto="3" id_utente="1" segnalato="1">
        <autore>lorenzofrancescotti@gmail.com</autore>
        <testo>jhjn</testo>
        <data>2024-02-28</data>
        <ora>15:41:47</ora>
        <id_recensione>65df462d882f3</id_recensione>
      </recensione>
      <recensione id_prodotto="3" id_utente="3" segnalato="1">
        <autore>federicodelullo84@gmail.com</autore>
        <testo>gfsda</testo>
        <data>2024-02-28</data>
        <ora>15:53:25</ora>
        <id_recensione>65df48e78464b</id_recensione>
        <utilita>
          <valore id_utente="4" reputazione_Vot="1">2</valore>
        </utilita>
        <supporto>
          <valore id_utente="4" reputazione_Vot="1">2</valore>
        </supporto>
      </recensione>
      <recensione id_prodotto="3" id_utente="4" segnalato="1">
        <autore>federicodelullo@gmail.com</autore>
        <testo>5tg4fr3de</testo>
        <data>2024-02-28</data>
        <ora>15:53:54</ora>
        <id_recensione>65df4903d16f1</id_recensione>
      </recensione>
    </recensioni>
    <domande>
      <domanda id_prodotto="3" id_utente="3" segnalato="1">
        <autore>federicodelullo84@gmail.com</autore>
        <testo>nhbtgvrfcd</testo>
        <id_domanda>65df487f919f3</id_domanda>
        <risposte>
          <risposta id_prodotto="3" id_utente="4" segnalato="1">
            <id_risposta>65df48fc93720</id_risposta>
            <id_domanda>65df487f919f3</id_domanda>
            <autore>federicodelullo@gmail.com</autore>
            <data>2024-02-28</data>
            <ora>15:53:48</ora>
            <testo>tfr3des</testo>
          </risposta>
        </risposte>
        <utilita>
          <valore id_utente="5" reputazione_Vot="1">2</valore>
        </utilita>
        <supporto>
          <valore id_utente="5" reputazione_Vot="1">2</valore>
        </supporto>
      </domanda>
      <domanda id_prodotto="3" id_utente="1" segnalato="1">
        <autore>lorenzofrancescotti@gmail.com</autore>
        <testo>gvcxsza</testo>
        <id_domanda>65df4a4e2cd78</id_domanda>
        <risposte>
          <risposta id_prodotto="3" id_utente="3" segnalato="1">
            <id_risposta>65df4a5e56b32</id_risposta>
            <id_domanda>65df4a4e2cd78</id_domanda>
            <autore>federicodelullo84@gmail.com</autore>
            <data>2024-02-28</data>
            <ora>15:59:42</ora>
            <testo>rgefwd</testo>
          </risposta>
          <risposta id_prodotto="3" id_utente="3" segnalato="1">
            <id_risposta>65df4b0eaf9b2</id_risposta>
            <id_domanda>65df4a4e2cd78</id_domanda>
            <autore>federicodelullo84@gmail.com</autore>
            <data>2024-02-28</data>
            <ora>16:02:38</ora>
            <testo>ffff</testo>
          </risposta>
          <risposta id_prodotto="3" id_utente="3" segnalato="0">
            <id_risposta>65df4b11821f3</id_risposta>
            <id_domanda>65df4a4e2cd78</id_domanda>
            <autore>federicodelullo84@gmail.com</autore>
            <data>2024-02-28</data>
            <ora>16:02:41</ora>
            <testo>hhhhhhh</testo>
          </risposta>
        </risposte>
      </domanda>
    </domande>
  </prodotto>
</catalogo_prodotti>
