<?xml version="1.0" encoding="UTF-8"?>
<catalogo_prodotti xmlns:xsi="http://www.w3.org/2001/XMLSchema-instance" xsi:noNamespaceSchemaLocation="catalogo_prodotti.xsd">
  <prodotto>
    <id_prodotto>3</id_prodotto>
    <nome>Goelier</nome>
    <descrizione>JJ</descrizione>
    <prezzo>50</prezzo>
    <tipologia>magliette</tipologia>
    <immagine>../img/2023-03-16 15 00 54_.jpeg</immagine>
    <domande>
      
      <domanda id_prodotto="3" id_utente="2">
        <autore>federico@gmail.com</autore>
        <testo>ccccc</testo>
        <id_domanda>65cd3c9bc5c49</id_domanda>
      </domanda>
    </domande>
    <recensioni>
      
    </recensioni>
  </prodotto>
</catalogo_prodotti>
