<?xml version="1.0" encoding="UTF-8"?>
<catalogo_prodotti xmlns:xsi="http://www.w3.org/2001/XMLSchema-instance" xsi:noNamespaceSchemaLocation="catalogo_prodotti.xsd">
  <prodotto>
    <id_prodotto>1</id_prodotto>
    <nome>Maglia AS Roma 2021-2022</nome>
    <descrizione>Le caratteristiche tipiche di una maglietta da rugby includono collo a giro o a V, maniche lunghe o corte, e spesso la presenza del logo della federazione di rugby nazionale e del fornitore dell'abbigliamento sportivo. Il design può variare di anno in anno o in base agli eventi, ma spesso si riflette sulla storia e sulla cultura del paese.</descrizione>
    <prezzo>35</prezzo>
    <tipologia>magliette</tipologia>
    <immagine>../img/images-removebg-preview.png</immagine>
    <domande>
      <domanda id_prodotto="1" id_utente="2">
        <autore>federico@gmail.com</autore>
        <testo>refwediqwsjobnlk</testo>
        <id_domanda>65bf509003841</id_domanda>
        <risposte>
          <risposta id_prodotto="1" id_utente="4">
            <id_risposta>65bfce21104c6</id_risposta>
            <autore>fede@gmail.com</autore>
            <data>2024-02-04</data>
            <ora>18:49:21</ora>
            <testo>ciao</testo>
          </risposta>
        </risposte>
      </domanda>
      <domanda id_prodotto="1" id_utente="4">
        <autore>fede@gmail.com</autore>
        <testo>gjhkjblnk.m</testo>
        <id_domanda>65bfbc9a7bd5b</id_domanda>
        <risposte>
          <risposta id_prodotto="1" id_utente="4">
            <id_risposta>65bfd0d6527cb</id_risposta>
            <autore>fede@gmail.com</autore>
            <data>2024-02-04</data>
            <ora>19:00:54</ora>
            <testo>ters</testo>
          </risposta>
        </risposte>
      </domanda>
    </domande>
  </prodotto>
</catalogo_prodotti>
