<?xml version="1.0" encoding="UTF-8"?>
<catalogo_prodotti xmlns:xsi="http://www.w3.org/2001/XMLSchema-instance" xsi:noNamespaceSchemaLocation="catalogo_prodotti.xsd">
  <prodotto>
    <id_prodotto>1</id_prodotto>
    <nome>Maglia AS Roma 2021-2022</nome>
    <descrizione>Le caratteristiche tipiche di una maglietta da rugby includono collo a giro o a V, maniche lunghe o corte, e spesso la presenza del logo della federazione di rugby nazionale e del fornitore dell'abbigliamento sportivo. Il design può variare di anno in anno o in base agli eventi, ma spesso si riflette sulla storia e sulla cultura del paese.</descrizione>
    <prezzo>52</prezzo>
    <tipologia>magliette</tipologia>
    <immagine>../img/images-removebg-preview.png</immagine>
    <domande>
      <domanda id_prodotto="1" id_utente="2">
        <autore>federico@gmail.com</autore>
        <testo>rwexs</testo>
        <id_domanda>65c5397a6437e</id_domanda>
        <utilita>
          <valore id_utente="6" reputazione_Vot="8">2</valore>
          <valore id_utente="3" reputazione_Vot="4">2</valore>
        </utilita>
        <supporto>
          <valore id_utente="6" reputazione_Vot="8">1</valore>
          <valore id_utente="3" reputazione_Vot="4">2</valore>
        </supporto>
        <risposte>
          <risposta id_prodotto="1" id_utente="3">
            <id_risposta>65c53a9277195</id_risposta>
            <autore>f@gmail.com</autore>
            <data>2024-02-08</data>
            <ora>21:33:22</ora>
            <testo>4ercwdsxa</testo>
            <utilita>
              <valore id_utente="7" reputazione_Vot="1">2</valore>
            </utilita>
            <supporto>
              <valore id_utente="7" reputazione_Vot="1">1</valore>
            </supporto>
          </risposta>
        </risposte>
      </domanda>
      <domanda id_prodotto="1" id_utente="3">
        <autore>f@gmail.com</autore>
        <testo>vrfecwdxsA</testo>
        <id_domanda>65c53a99a01e9</id_domanda>
        <utilita>
          <valore id_utente="7" reputazione_Vot="1">4</valore>
        </utilita>
        <supporto>
          <valore id_utente="7" reputazione_Vot="1">2</valore>
        </supporto>
      </domanda>
    </domande>
  </prodotto>
</catalogo_prodotti>
