<?xml version="1.0" encoding="UTF-8"?>
<catalogo_prodotti xmlns:xsi="http://www.w3.org/2001/XMLSchema-instance" xsi:noNamespaceSchemaLocation="catalogo_prodotti.xsd">
<prodotto><id_prodotto>1</id_prodotto><nome>ff</nome><descrizione>d</descrizione><prezzo>5</prezzo><tipologia>magliette</tipologia><sconto_generico>0</sconto_generico><sconto><x>0</x><y>0</y><m>0</m><data_m>0</data_m><n>0</n><r>0</r><ha_acquistato>0</ha_acquistato></sconto><immagine>../img/calzettoni_australiani-removebg-preview.png</immagine></prodotto></catalogo_prodotti>
