<?xml version="1.0" encoding="UTF-8"?>
<catalogo_prodotti xmlns:xsi="http://www.w3.org/2001/XMLSchema-instance" xsi:noNamespaceSchemaLocation="catalogo_prodotti.xsd">
  <prodotto>
    <id_prodotto>1</id_prodotto>
    <nome>cd</nome>
    <descrizione>Le caratteristiche tipiche di una maglietta da rugby includono collo a giro o a V, maniche lunghe o corte, e spesso la presenza del logo della federazione di rugby nazionale e del fornitore dell'abbigliamento sportivo. Il design può variare di anno in anno o in base agli eventi, ma spesso si riflette sulla storia e sulla cultura del paese.</descrizione>
    <prezzo>563</prezzo>
    <tipologia>magliette</tipologia>
    <immagine>../img/images-removebg-preview.png</immagine>
    <domande>
      <domanda id_prodotto="1" id_utente="2">
        <autore>federico@gmail.com</autore>
        <testo>f</testo>
        <id_domanda>65cbb84f2e4fa</id_domanda>
        <risposte>
          
        </risposte>
      </domanda>
    </domande>
    <recensioni>
      <recensione id_prodotto="1" id_utente="1">
        <autore>lorenzofrancescotti@gmail.com</autore>
        <testo>vefcdw</testo>
        <data>2024-02-13</data>
        <ora>19:40:08</ora>
        <id_recensione>65cbb78a47487</id_recensione>
      </recensione>
    </recensioni>
  </prodotto>
</catalogo_prodotti>
