<?xml version="1.0" encoding="UTF-8"?>
<catalogo_prodotti xmlns:xsi="http://www.w3.org/2001/XMLSchema-instance" xsi:noNamespaceSchemaLocation="catalogo_prodotti.xsd">
<prodotto><id_prodotto>1</id_prodotto><nome>Maglia Rugby Italia 2022-2023 </nome><descrizione>Le maglie delle squadre di rugby nazionali di solito presentano i colori distintivi della bandiera del paese e spesso includono elementi simbolici rappresentativi della cultura e della storia nazionale. Per ottenere informazioni aggiornate sulla maglia della nazionale italiana di rugby, ti consiglio di verificare i siti ufficiali della Federazione Italiana Rugby (FIR) o di controllare fonti di notizie sportive aggiornate</descrizione><prezzo>75</prezzo><immagine>../img/rugby-removebg-preview.png</immagine><recensioni><recensione>orrendo</recensione><recensione>brutti</recensione><recensione>xxx</recensione><recensione>dddd</recensione><recensione/><recensione>sss</recensione><recensione>efwf</recensione></recensioni></prodotto><prodotto><id_prodotto>2</id_prodotto><nome>Maglia AS Roma 2021-2022</nome><descrizione>Le maglie della AS Roma generalmente presentano i colori distintivi del club, che sono il bordeaux (o rosso scuro) e il giallo oro. La maglia di gioco di solito include strisce verticali rosse e gialle o presenta un design più semplice con un colore predominante. Il logo della squadra, che presenta un lupo, spesso è posizionato sul petto, mentre il nome dello sponsor potrebbe apparire anche sulla maglia.&#13;
&#13;
</descrizione><prezzo>85</prezzo><immagine>../img/images-removebg-preview.png</immagine><recensioni><recensione>gjhkj</recensione></recensioni></prodotto></catalogo_prodotti>
