<?xml version="1.0" encoding="UTF-8"?>
<faq><entry id="65dc6e1d4bd7b"><question>Come posso contattare il supporto clienti?&#13;
&#13;
</question><answers><answer id="65dc6fed5f513">Puoi contattare il nostro team di supporto via email all'indirizzo rugbyworld@gmail.com o attraverso il nostro modulo di contatto online disponibile nella sezione "Contattaci".</answer></answers></entry><entry id="65dc6e620660c"><question>Quali metodi di pagamento accettate?&#13;
&#13;
</question><answers><answer id="65dc6e73763cb">Accettiamo pagamenti con carta di credito (Visa, MasterCard, American Express) e altri metodi di pagamento sicuri come PayPal.</answer></answers></entry><entry id="65dc6e802a83f"><question>Quanto tempo impiega la spedizione?&#13;
&#13;
</question><answers><answer id="65dc6e93cfae7">I tempi di spedizione dipendono dalla tua posizione e dalla modalità di spedizione scelta.</answer></answers></entry><entry id="65dc6ec55d37b"><question>Avete un programma fedeltà o sconti per clienti abituali?</question><answers><answer id="65dc6f1a83f4a">&#13;
Sì, offriamo programmi fedeltà e sconti speciali per i nostri clienti abituali oppure per chi è iscritto al nostro store da più di 5 mesi.</answer></answers></entry><entry id="65dc6f6880d70"><question>Come posso reimpostare la mia password?&#13;
&#13;
</question><answers><answer id="65dc6fe1df03d">All'interno dell'account, è possibile modificare i dati forniti in fase di registrazione, tra cui la password e la email. Altrimenti è necessario contattare un amministratore al seguente indirizzo mail rugbyworld@gmail.com</answer></answers></entry></faq>
