<?xml version="1.0" encoding="UTF-8"?>
<faq xmlns:xsi="http://www.w3.org/2001/XMLSchema-instance" xsi:noNamespaceSchemaLocation="faq.xsd">
  <entry id="65ecf12407323">
    <question>Quanto tempo serve per la consegna?</question>
    <answers id="65ecf176a37d8">
      <answer>5 Giorni lavorativi</answer>
    </answers>
  </entry>
  <entry id="65edcd1a96265">
    <question>Quali sono i vostri metodi di pagamento accettati?&#13;
&#13;
</question>
    <answers id="65edcd3c97610">
      <answer>Visa, Mastercard e Paypal</answer>
    </answers>
  </entry>
  <entry id="65edcd497168c">
    <question>Avete un servizio clienti?&#13;
&#13;
</question>
    <answers id="65edcd6b902a7">
      <answer>Puoi contattarci dal lunedi al venerdi alla seguente mail: rugbyworld@gmail.com</answer>
    </answers>
  </entry>
  <entry id="65edcd7c0e2b9">
    <question>Offrite sconti o promozioni?&#13;
&#13;
</question>
    <answers id="65edcda140a73">
      <answer>Gli sconti vengono aggiornati continuamente per ogni prodotto in base a determinate condizioni</answer>
    </answers>
  </entry>
  <entry id="65edcdc17f0c6">
    <question>Come posso iscrivermi alla vostra newsletter o ricevere aggiornamenti?</question>
    <answers id="65edcde9caba5">
      <answer>Creando un proprio account, ti verranno automaticamente inviati aggiornamenti e notizie riguardo il nostro sito</answer>
    </answers>
  </entry>
</faq>
