<?xml version="1.0" encoding="UTF-8"?>
<faq xmlns:xsi="http://www.w3.org/2001/XMLSchema-instance" xsi:noNamespaceSchemaLocation="faq.xsd">
  <entry id="65ecf12407323">
    <question>ciao&#13;
</question>
    <answers id="65ecf176a37d8">
      <answer>dio</answer>
    </answers>
  </entry>
  <entry id="65ecf17d138af">
    <question>sss</question>
    <answers id="65ecf180deea3">
      <answer>came</answer>
    </answers>
  </entry>
  <entry id="65ecf2b1a1af7">
    <question>  cc</question>
    <answers id="65ecf2b1a1b0f">
      <answer>ciaoooo</answer>
    </answers>
  </entry>
</faq>
