<?xml version="1.0" encoding="UTF-8"?>
<requests xmlns:xsi="http://www.w3.org/2001/XMLSchema-instance" xsi:noNamespaceSchemaLocation="requests.xsd">
  <request status="Approvato">
    <email>federicodelullo84@gmail.com</email>
    <importo>50</importo>
  </request>
  <request status="Approvato">
    <email>federicodelullo84@gmail.com</email>
    <importo>20</importo>
  </request>
  <request status="Rifiutato">
    <email>federicodelullo84@gmail.com</email>
    <importo>26</importo>
  </request>
  <request status="In Attesa">
    <email>federicodelullo84@gmail.com</email>
    <importo>50</importo>
  </request>
</requests>
