<?xml version="1.0" encoding="UTF-8"?>
<requests xmlns:xsi="http://www.w3.org/2001/XMLSchema-instance" xsi:noNamespaceSchemaLocation="requests.xsd">
  <request status="Approvato">
    <email>federicodelullo84@gmail.com</email>
    <importo>50</importo>
  </request>
  <request status="Rifiutato">
    <email>lorenzo@gmail.com</email>
    <importo>200</importo>
  </request>
  <request status="Approvato">
    <email>immobile@gmail.com</email>
    <importo>1</importo>
  </request>
  <request status="Rifiutato">
    <email>immobile@gmail.com</email>
    <importo>2</importo>
  </request>
  <request status="Rifiutato">
    <email>frendrup@gmail.com</email>
    <importo>1</importo>
  </request>
  <request status="Approvato">
    <email>frendrup@gmail.com</email>
    <importo>2</importo>
  </request>
  <request status="Approvato">
    <email>federicodelullo84@gmail.com</email>
    <importo>100</importo>
  </request>
  <request status="Approvato">
    <email>federicodelullo84@gmail.com</email>
    <importo>120</importo>
  </request>
  <request status="Rifiutato">
    <email>federicodelullo84@gmail.com</email>
    <importo>54</importo>
  </request>
  <request status="Rifiutato">
    <email>federicodelullo84@gmail.com</email>
    <importo>55</importo>
  </request>
  <request status="Approvato">
    <email>federicodelullo84@gmail.com</email>
    <importo>1000</importo>
  </request>
  <request status="Approvato">
    <email>federicodelullo@gmail.com</email>
    <importo>100000000</importo>
  </request>
</requests>
