<?xml version="1.0" encoding="UTF-8"?>
<segnalazioni>
  <segnalazione status="Approvata" id_domanda="65df3e861c66b" id_prodotto="1">
    <testo_domanda>bvcds</testo_domanda>
    <autoreDomanda>lorenzofrancescotti@gmail.com</autoreDomanda>
    <testo_segnalazione_dom>cccc</testo_segnalazione_dom>
  </segnalazione>
  <segnalazione status="Approvata" id_domanda="65df3e861c66b" id_prodotto="1">
    <testo_domanda>bvcds</testo_domanda>
    <autoreDomanda>lorenzofrancescotti@gmail.com</autoreDomanda>
    <testo_segnalazione_dom>vvvvvvvvvvvvv</testo_segnalazione_dom>
  </segnalazione>
  <segnalazione status="Approvata" id_domanda="65df3e861c66b" id_prodotto="1">
    <testo_domanda>bvcds</testo_domanda>
    <autoreDomanda>lorenzofrancescotti@gmail.com</autoreDomanda>
    <testo_segnalazione_dom>uytrve</testo_segnalazione_dom>
  </segnalazione>
  <segnalazione status="Approvata" id_domanda="65df3e861c66b" id_prodotto="1">
    <testo_domanda>bvcds</testo_domanda>
    <autoreDomanda>lorenzofrancescotti@gmail.com</autoreDomanda>
    <testo_segnalazione_dom>wwwwwwwwwwwwwwwwwww</testo_segnalazione_dom>
  </segnalazione>
  <segnalazione status="Approvata" id_domanda="65df42e11f27e" id_prodotto="1">
    <testo_domanda>tbgrvfcedxwqs</testo_domanda>
    <autoreDomanda>lorenzofrancescotti@gmail.com</autoreDomanda>
    <testo_segnalazione_dom>ghguikj</testo_segnalazione_dom>
  </segnalazione>
  <segnalazione status="Rifiutata" id_domanda="65df42e7893b6" id_prodotto="1">
    <testo_domanda>m7u6n5yg4tf3rwdqesW</testo_domanda>
    <autoreDomanda>lorenzofrancescotti@gmail.com</autoreDomanda>
    <testo_segnalazione_dom>....</testo_segnalazione_dom>
  </segnalazione>
  <segnalazione status="Approvata" id_domanda="65df42e7893b6" id_prodotto="1">
    <testo_domanda>m7u6n5yg4tf3rwdqesW</testo_domanda>
    <autoreDomanda>lorenzofrancescotti@gmail.com</autoreDomanda>
    <testo_segnalazione_dom>uhjk</testo_segnalazione_dom>
  </segnalazione>
  <segnalazione status="Approvata" id_risposta="65df4551063de" id_prodotto="1">
    <id_domanda>65df42e7893b6</id_domanda>
    <testo_risposta>ffff</testo_risposta>
    <autoreRisposta>federicodelullo84@gmail.com</autoreRisposta>
    <testo_segnalazione_ris>hhhhhhhh</testo_segnalazione_ris>
  </segnalazione>
  <segnalazione status="Approvata" id_risposta="65df4551063de" id_prodotto="1">
    <id_domanda>65df42e7893b6</id_domanda>
    <testo_risposta>ffff</testo_risposta>
    <autoreRisposta>federicodelullo84@gmail.com</autoreRisposta>
    <testo_segnalazione_ris>865643&#13;
</testo_segnalazione_ris>
  </segnalazione>
  <segnalazione status="Approvata" id_risposta="65df4551063de" id_prodotto="1">
    <id_domanda>65df42e7893b6</id_domanda>
    <testo_risposta>ffff</testo_risposta>
    <autoreRisposta>federicodelullo84@gmail.com</autoreRisposta>
    <testo_segnalazione_ris>itudgfhcgjvhbkjnkm</testo_segnalazione_ris>
  </segnalazione>
  <segnalazione status="Approvata" id_prodotto="3" id_recensione="65df462d882f3">
    <testo>jhjn</testo>
    <autore>lorenzofrancescotti@gmail.com</autore>
    <testo_segnalazione_rec>iguhijknlk</testo_segnalazione_rec>
  </segnalazione>
  <segnalazione status="Approvata" id_prodotto="3" id_recensione="65df462d882f3">
    <testo>jhjn</testo>
    <autore>lorenzofrancescotti@gmail.com</autore>
    <testo_segnalazione_rec>fdcxz&lt;</testo_segnalazione_rec>
  </segnalazione>
  <segnalazione status="Approvata" id_prodotto="3" id_recensione="65df462d882f3">
    <testo>jhjn</testo>
    <autore>lorenzofrancescotti@gmail.com</autore>
    <testo_segnalazione_rec>nyb5t4vr3cd2esw</testo_segnalazione_rec>
  </segnalazione>
  <segnalazione status="Approvata" id_prodotto="3" id_recensione="65df48e78464b">
    <testo>gfsda</testo>
    <autore>federicodelullo84@gmail.com</autore>
    <testo_segnalazione_rec>cvcccc</testo_segnalazione_rec>
  </segnalazione>
  <segnalazione status="Approvata" id_risposta="65df48fc93720" id_prodotto="3">
    <id_domanda>65df487f919f3</id_domanda>
    <testo_risposta>tfr3des</testo_risposta>
    <autoreRisposta>federicodelullo@gmail.com</autoreRisposta>
    <testo_segnalazione_ris>imyutbrgefwdw</testo_segnalazione_ris>
  </segnalazione>
  <segnalazione status="Approvata" id_domanda="65df487f919f3" id_prodotto="3">
    <testo_domanda>nhbtgvrfcd</testo_domanda>
    <autoreDomanda>federicodelullo84@gmail.com</autoreDomanda>
    <testo_segnalazione_dom>y5htg43rf4e231w</testo_segnalazione_dom>
  </segnalazione>
  <segnalazione status="Approvata" id_prodotto="3" id_recensione="65df48e78464b">
    <testo>gfsda</testo>
    <autore>federicodelullo84@gmail.com</autore>
    <testo_segnalazione_rec>nbtvrfds</testo_segnalazione_rec>
  </segnalazione>
  <segnalazione status="Approvata" id_prodotto="3" id_recensione="65df4903d16f1">
    <testo>5tg4fr3de</testo>
    <autore>federicodelullo@gmail.com</autore>
    <testo_segnalazione_rec>eeeeeeeeee</testo_segnalazione_rec>
  </segnalazione>
  <segnalazione status="Approvata" id_risposta="65df4a5e56b32" id_prodotto="3">
    <id_domanda>65df4a4e2cd78</id_domanda>
    <testo_risposta>rgefwd</testo_risposta>
    <autoreRisposta>federicodelullo84@gmail.com</autoreRisposta>
    <testo_segnalazione_ris>cccc</testo_segnalazione_ris>
  </segnalazione>
  <segnalazione status="Approvata" id_risposta="65df4b0eaf9b2" id_prodotto="3">
    <id_domanda>65df4a4e2cd78</id_domanda>
    <testo_risposta>ffff</testo_risposta>
    <autoreRisposta>federicodelullo84@gmail.com</autoreRisposta>
    <testo_segnalazione_ris>ffffffffff</testo_segnalazione_ris>
  </segnalazione>
  <segnalazione status="Approvata" id_domanda="65df4a4e2cd78" id_prodotto="3" autore_segnalazione="federicodelullo84@gmail.com">
    <testo_domanda>gvcxsza</testo_domanda>
    <autoreDomanda>lorenzofrancescotti@gmail.com</autoreDomanda>
    <testo_segnalazione_dom>cccc</testo_segnalazione_dom>
  </segnalazione>
</segnalazioni>
