<?xml version="1.0" encoding="UTF-8"?>
<segnalazioni xmlns:xsi="http://www.w3.org/2001/XMLSchema-instance" xsi:noNamespaceSchemaLocation="segnalazioni.xsd">
  <segnalazione status="Approvata" id_prodotto="3" id_recensione="65cd3869a69fd">
    <testo>ddddddddd</testo>
    <autore>lorenzofrancescotti@gmail.com</autore>
    <testo_segnalazione_rec>sssssssss</testo_segnalazione_rec>
  </segnalazione>
  <segnalazione status="Approvata" id_prodotto="3" id_recensione="65cd3869a69fd">
    <testo>ddddddddd</testo>
    <autore>lorenzofrancescotti@gmail.com</autore>
    <testo_segnalazione_rec>aaaaaaaaaaaaaaa</testo_segnalazione_rec>
  </segnalazione>
  <segnalazione status="Approvata" id_prodotto="3" id_recensione="65cd3869a69fd">
    <testo>ddddddddd</testo>
    <autore>lorenzofrancescotti@gmail.com</autore>
    <testo_segnalazione_rec>qqqqqqqq</testo_segnalazione_rec>
  </segnalazione>
  <segnalazione status="Approvata" id_risposta="65cd3ab06f924" id_prodotto="3">
    <testo_risposta>ffffffffff</testo_risposta>
    <autoreRisposta>lorenzofrancescotti@gmail.com</autoreRisposta>
    <testo_segnalazione_ris>yyyyyyy</testo_segnalazione_ris>
  </segnalazione>
  <segnalazione status="Approvata" id_risposta="65cd3ab06f924" id_prodotto="3">
    <testo_risposta>ffffffffff</testo_risposta>
    <autoreRisposta>lorenzofrancescotti@gmail.com</autoreRisposta>
    <testo_segnalazione_ris>66666666</testo_segnalazione_ris>
  </segnalazione>
  <segnalazione status="Approvata" id_risposta="65cd3e97b4677" id_prodotto="3">
    <id_domanda>65cd3a5e74009</id_domanda>
    <testo_risposta>xxxxxx</testo_risposta>
    <autoreRisposta>lorenzofrancescotti@gmail.com</autoreRisposta>
    <testo_segnalazione_ris>s</testo_segnalazione_ris>
  </segnalazione>
  <segnalazione status="Approvata" id_risposta="65cd3e97b4677" id_prodotto="3">
    <id_domanda>65cd3a5e74009</id_domanda>
    <testo_risposta>xxxxxx</testo_risposta>
    <autoreRisposta>lorenzofrancescotti@gmail.com</autoreRisposta>
    <testo_segnalazione_ris>fffff</testo_segnalazione_ris>
  </segnalazione>
  <segnalazione status="Approvata" id_domanda="65cd3a5e74009" id_prodotto="3">
    <testo_domanda>fffffffff</testo_domanda>
    <autoreDomanda>federico@gmail.com</autoreDomanda>
    <testo_segnalazione_dom>vvvvvv</testo_segnalazione_dom>
  </segnalazione>
</segnalazioni>
