<?xml version="1.0" encoding="UTF-8"?>
<segnalazioni xmlns:xsi="http://www.w3.org/2001/XMLSchema-instance" xsi:noNamespaceSchemaLocation="segnalazioni.xsd">
<segnalazione status="Approvata" id_risposta="65bf509592c67" id_prodotto="1"><testo_risposta>rfewdqfrewqds</testo_risposta><testo_segnalazione_ris>wredqw</testo_segnalazione_ris></segnalazione><segnalazione status="Approvata" id_risposta="65bf50cca5046" id_prodotto="1"><testo_risposta>tevrcwedxqsZA</testo_risposta><testo_segnalazione_ris>RCDXS</testo_segnalazione_ris></segnalazione><segnalazione status="Approvata" id_domanda="65bf50c6949e8" id_prodotto="1"><testo_domanda>ciociaoikco</testo_domanda><testo_segnalazione_dom>wrcdxs</testo_segnalazione_dom></segnalazione></segnalazioni>
