<?xml version="1.0" encoding="UTF-8"?>
<segnalazioni xmlns:xsi="http://www.w3.org/2001/XMLSchema-instance" xsi:noNamespaceSchemaLocation="segnalazioni.xsd">
<segnalazione status="Approvata" id_risposta="65bf509592c67" id_prodotto="1"><testo_risposta>rfewdqfrewqds</testo_risposta><testo_segnalazione_ris>wredqw</testo_segnalazione_ris></segnalazione><segnalazione status="Approvata" id_risposta="65bf50cca5046" id_prodotto="1"><testo_risposta>tevrcwedxqsZA</testo_risposta><testo_segnalazione_ris>RCDXS</testo_segnalazione_ris></segnalazione><segnalazione status="Approvata" id_domanda="65bf50c6949e8" id_prodotto="1"><testo_domanda>ciociaoikco</testo_domanda><testo_segnalazione_dom>wrcdxs</testo_segnalazione_dom></segnalazione><segnalazione status="Rifiutata" id_risposta="65c3bfc1e3217" id_prodotto="3"><testo_risposta>ciaociaocioa</testo_risposta><testo_segnalazione_ris>nj</testo_segnalazione_ris></segnalazione><segnalazione status="Approvata" id_domanda="65c6796f66bea" id_prodotto="1"><testo_domanda>rwefdqw</testo_domanda><autoreDomanda/><testo_segnalazione_dom>diodiodio</testo_segnalazione_dom></segnalazione><segnalazione status="Rifiutata" id_domanda="65c6796f66bea" id_prodotto="1"><testo_domanda>rwefdqw</testo_domanda><autoreDomanda/><testo_segnalazione_dom>diodiodio</testo_segnalazione_dom></segnalazione><segnalazione status="Approvata" id_domanda="65c6796f66bea" id_prodotto="1"><testo_domanda>rwefdqw</testo_domanda><autoreDomanda>federico@gmail.com</autoreDomanda><testo_segnalazione_dom>ewds</testo_segnalazione_dom></segnalazione><segnalazione status="Approvata" id_domanda="65c67c0356604" id_prodotto="1"><testo_domanda>rwedsa</testo_domanda><autoreDomanda>federico@gmail.com</autoreDomanda><testo_segnalazione_dom>ciao</testo_segnalazione_dom></segnalazione><segnalazione status="Approvata" id_risposta="65c67c19e5e23" id_prodotto="1"><testo_risposta>jhk</testo_risposta><autoreRisposta>lorenzofrancescotti@gmail.com</autoreRisposta><testo_segnalazione_ris>dddd</testo_segnalazione_ris></segnalazione><segnalazione status="Approvata" id_risposta="65c6242eaec41" id_prodotto="1"><testo_risposta>ef2dqws</testo_risposta><autoreRisposta>fffff@gmail.com</autoreRisposta><testo_segnalazione_ris>efcd</testo_segnalazione_ris></segnalazione><segnalazione status="Approvata" id_domanda="65c53a99a01e9" id_prodotto="1"><testo_domanda>vrfecwdxsA</testo_domanda><autoreDomanda>f@gmail.com</autoreDomanda><testo_segnalazione_dom>ed</testo_segnalazione_dom></segnalazione><segnalazione status="Rifiutata" id_domanda="65c67dbb73856" id_prodotto="1"><testo_domanda>rf3ew</testo_domanda><autoreDomanda>federico@gmail.com</autoreDomanda><testo_segnalazione_dom>erws</testo_segnalazione_dom></segnalazione><segnalazione status="Approvata" id_domanda="65c67dbb73856" id_prodotto="1"><testo_domanda>rf3ew</testo_domanda><autoreDomanda>federico@gmail.com</autoreDomanda><testo_segnalazione_dom>jkhjm</testo_segnalazione_dom></segnalazione><segnalazione status="Approvata" id_prodotto="1" id_recensione="65c68711a8228"><testo>cedswx</testo><autore>fede@gmail.com</autore><testo_segnalazione_rec>ciao</testo_segnalazione_rec></segnalazione><segnalazione status="Approvata" id_prodotto="1" id_recensione="65c68711a8228"><testo>cedswx</testo><autore>fede@gmail.com</autore><testo_segnalazione_rec>ccccc</testo_segnalazione_rec></segnalazione><segnalazione status="Rifiutata" id_prodotto="1" id_recensione="65c68711a8228"><testo>cedswx</testo><autore>fede@gmail.com</autore><testo_segnalazione_rec>ccccc</testo_segnalazione_rec></segnalazione><segnalazione status="Approvata" id_prodotto="1" id_recensione="65c697f1f3af2"><testo>refwd</testo><autore>federico@gmail.com</autore><testo_segnalazione_rec>vvvv</testo_segnalazione_rec></segnalazione><segnalazione status="Approvata" id_domanda="65c69883a7040" id_prodotto="1"><testo_domanda>efcdswx</testo_domanda><autoreDomanda>federico@gmail.com</autoreDomanda><testo_segnalazione_dom>cdwxsa</testo_segnalazione_dom></segnalazione><segnalazione status="Approvata" id_risposta="65c698929d194" id_prodotto="1"><testo_risposta>frwed</testo_risposta><autoreRisposta>lorenzofrancescotti@gmail.com</autoreRisposta><testo_segnalazione_ris>ecw</testo_segnalazione_ris></segnalazione><segnalazione status="Approvata" id_domanda="65c699f04dd33" id_prodotto="1"><testo_domanda>rweas</testo_domanda><autoreDomanda>federico@gmail.com</autoreDomanda><testo_segnalazione_dom>ff</testo_segnalazione_dom></segnalazione><segnalazione status="Rifiutata" id_domanda="65c69a7f687e6" id_prodotto="1"><testo_domanda>cccccc</testo_domanda><autoreDomanda>lorenzofrancescotti@gmail.com</autoreDomanda><testo_segnalazione_dom>cccc</testo_segnalazione_dom></segnalazione><segnalazione status="Rifiutata" id_domanda="65c69a7f687e6" id_prodotto="1"><testo_domanda>cccccc</testo_domanda><autoreDomanda>lorenzofrancescotti@gmail.com</autoreDomanda><testo_segnalazione_dom>ff</testo_segnalazione_dom></segnalazione><segnalazione status="Rifiutata" id_prodotto="1" id_recensione="65c699f4bf61e"><testo>rwefd</testo><autore>federico@gmail.com</autore><testo_segnalazione_rec>ffffg</testo_segnalazione_rec></segnalazione><segnalazione status="Approvata" id_risposta="65c69c6493c8d" id_prodotto="1"><testo_risposta>dff</testo_risposta><autoreRisposta>federico@gmail.com</autoreRisposta><testo_segnalazione_ris>ff</testo_segnalazione_ris></segnalazione><segnalazione status="Approvata" id_prodotto="1" id_recensione="65c699f4bf61e"><testo>rwefd</testo><autore>federico@gmail.com</autore><testo_segnalazione_rec>ffggggggg</testo_segnalazione_rec></segnalazione><segnalazione status="Approvata" id_risposta="65c69db533ff2" id_prodotto="1"><testo_risposta>zvijwl</testo_risposta><autoreRisposta>federico@gmail.com</autoreRisposta><testo_segnalazione_ris>ccds</testo_segnalazione_ris></segnalazione><segnalazione status="Rifiutata" id_prodotto="1" id_recensione="65c69dc68dd33"><testo>esdc</testo><autore>federico@gmail.com</autore><testo_segnalazione_rec>ccccc</testo_segnalazione_rec></segnalazione><segnalazione status="Approvata" id_domanda="65c6a0f75c679" id_prodotto="1"><testo_domanda>tgrffrdc</testo_domanda><autoreDomanda>federico@gmail.com</autoreDomanda><testo_segnalazione_dom>vvv</testo_segnalazione_dom></segnalazione><segnalazione status="Approvata" id_domanda="65c6a0f75c679" id_prodotto="1"><testo_domanda>tgrffrdc</testo_domanda><autoreDomanda>federico@gmail.com</autoreDomanda><testo_segnalazione_dom>sss</testo_segnalazione_dom></segnalazione><segnalazione status="Approvata" id_domanda="65c69a7f687e6" id_prodotto="1"><testo_domanda>cccccc</testo_domanda><autoreDomanda>lorenzofrancescotti@gmail.com</autoreDomanda><testo_segnalazione_dom>ffff</testo_segnalazione_dom></segnalazione><segnalazione status="Rifiutata" id_domanda="65c69a7f687e6" id_prodotto="1"><testo_domanda>cccccc</testo_domanda><autoreDomanda>lorenzofrancescotti@gmail.com</autoreDomanda><testo_segnalazione_dom>www</testo_segnalazione_dom></segnalazione><segnalazione status="Approvata" id_domanda="65c6a3944494e" id_prodotto="1"><testo_domanda>freds</testo_domanda><autoreDomanda>federico@gmail.com</autoreDomanda><testo_segnalazione_dom>edsx</testo_segnalazione_dom></segnalazione><segnalazione status="Rifiutata" id_domanda="65c6a3944494e" id_prodotto="1"><testo_domanda>freds</testo_domanda><autoreDomanda>federico@gmail.com</autoreDomanda><testo_segnalazione_dom>fd</testo_segnalazione_dom></segnalazione><segnalazione status="Approvata" id_domanda="65c6a40431cca" id_prodotto="1"><testo_domanda>fc</testo_domanda><autoreDomanda>federico@gmail.com</autoreDomanda><testo_segnalazione_dom>d</testo_segnalazione_dom></segnalazione><segnalazione status="Rifiutata" id_domanda="65c6a40431cca" id_prodotto="1"><testo_domanda>fc</testo_domanda><autoreDomanda>federico@gmail.com</autoreDomanda><testo_segnalazione_dom>ddd</testo_segnalazione_dom></segnalazione><segnalazione status="Approvata" id_domanda="65c6a637d4645" id_prodotto="1"><testo_domanda>f</testo_domanda><autoreDomanda>federico@gmail.com</autoreDomanda><testo_segnalazione_dom>f</testo_segnalazione_dom></segnalazione><segnalazione status="Rifiutata" id_domanda="65c6a637d4645" id_prodotto="1"><testo_domanda>f</testo_domanda><autoreDomanda>federico@gmail.com</autoreDomanda><testo_segnalazione_dom>ssss</testo_segnalazione_dom></segnalazione><segnalazione status="Approvata" id_domanda="65c6a9c972c93" id_prodotto="1"><testo_domanda>f</testo_domanda><autoreDomanda>federico@gmail.com</autoreDomanda><testo_segnalazione_dom>dd</testo_segnalazione_dom></segnalazione><segnalazione status="Approvata" id_domanda="65c6a9c972c93" id_prodotto="1"><testo_domanda>f</testo_domanda><autoreDomanda>federico@gmail.com</autoreDomanda><testo_segnalazione_dom>d</testo_segnalazione_dom></segnalazione><segnalazione status="Approvata" id_domanda="65c6aa0d7569c" id_prodotto="1"><testo_domanda>rwdsax</testo_domanda><autoreDomanda>lorenzofrancescotti@gmail.com</autoreDomanda><testo_segnalazione_dom>fffffffffff</testo_segnalazione_dom></segnalazione><segnalazione status="Approvata" id_domanda="65c6aa0d7569c" id_prodotto="1"><testo_domanda>rwdsax</testo_domanda><autoreDomanda>lorenzofrancescotti@gmail.com</autoreDomanda><testo_segnalazione_dom>333333333</testo_segnalazione_dom></segnalazione><segnalazione status="Approvata" id_domanda="65c6aa0d7569c" id_prodotto="1"><testo_domanda>rwdsax</testo_domanda><autoreDomanda>lorenzofrancescotti@gmail.com</autoreDomanda><testo_segnalazione_dom>d</testo_segnalazione_dom></segnalazione><segnalazione status="Approvata" id_domanda="65c6ad1c547fa" id_prodotto="1"><testo_domanda>werdqs</testo_domanda><autoreDomanda>federico@gmail.com</autoreDomanda><testo_segnalazione_dom>dws</testo_segnalazione_dom></segnalazione><segnalazione status="Rifiutata" id_domanda="65c6ad549b20d" id_prodotto="1"><testo_domanda>cc</testo_domanda><autoreDomanda>federico@gmail.com</autoreDomanda><testo_segnalazione_dom>dd</testo_segnalazione_dom></segnalazione></segnalazioni>
