<?xml version="1.0" encoding="UTF-8"?>
<segnalazioni>
  <segnalazione status="Approvata" id_domanda="65df3e861c66b" id_prodotto="1">
    <testo_domanda>bvcds</testo_domanda>
    <autoreDomanda>lorenzofrancescotti@gmail.com</autoreDomanda>
    <testo_segnalazione_dom>cccc</testo_segnalazione_dom>
  </segnalazione>
  <segnalazione status="Approvata" id_domanda="65df3e861c66b" id_prodotto="1">
    <testo_domanda>bvcds</testo_domanda>
    <autoreDomanda>lorenzofrancescotti@gmail.com</autoreDomanda>
    <testo_segnalazione_dom>vvvvvvvvvvvvv</testo_segnalazione_dom>
  </segnalazione>
  <segnalazione status="Approvata" id_domanda="65df3e861c66b" id_prodotto="1">
    <testo_domanda>bvcds</testo_domanda>
    <autoreDomanda>lorenzofrancescotti@gmail.com</autoreDomanda>
    <testo_segnalazione_dom>uytrve</testo_segnalazione_dom>
  </segnalazione>
  <segnalazione status="Approvata" id_domanda="65df3e861c66b" id_prodotto="1">
    <testo_domanda>bvcds</testo_domanda>
    <autoreDomanda>lorenzofrancescotti@gmail.com</autoreDomanda>
    <testo_segnalazione_dom>wwwwwwwwwwwwwwwwwww</testo_segnalazione_dom>
  </segnalazione>
  <segnalazione status="Approvata" id_domanda="65df42e11f27e" id_prodotto="1">
    <testo_domanda>tbgrvfcedxwqs</testo_domanda>
    <autoreDomanda>lorenzofrancescotti@gmail.com</autoreDomanda>
    <testo_segnalazione_dom>ghguikj</testo_segnalazione_dom>
  </segnalazione>
  <segnalazione status="Rifiutata" id_domanda="65df42e7893b6" id_prodotto="1">
    <testo_domanda>m7u6n5yg4tf3rwdqesW</testo_domanda>
    <autoreDomanda>lorenzofrancescotti@gmail.com</autoreDomanda>
    <testo_segnalazione_dom>....</testo_segnalazione_dom>
  </segnalazione>
  <segnalazione status="Approvata" id_domanda="65df42e7893b6" id_prodotto="1">
    <testo_domanda>m7u6n5yg4tf3rwdqesW</testo_domanda>
    <autoreDomanda>lorenzofrancescotti@gmail.com</autoreDomanda>
    <testo_segnalazione_dom>uhjk</testo_segnalazione_dom>
  </segnalazione>
  <segnalazione status="Approvata" id_risposta="65df4551063de" id_prodotto="1">
    <id_domanda>65df42e7893b6</id_domanda>
    <testo_risposta>ffff</testo_risposta>
    <autoreRisposta>federicodelullo84@gmail.com</autoreRisposta>
    <testo_segnalazione_ris>hhhhhhhh</testo_segnalazione_ris>
  </segnalazione>
  <segnalazione status="Approvata" id_risposta="65df4551063de" id_prodotto="1">
    <id_domanda>65df42e7893b6</id_domanda>
    <testo_risposta>ffff</testo_risposta>
    <autoreRisposta>federicodelullo84@gmail.com</autoreRisposta>
    <testo_segnalazione_ris>865643&#13;
</testo_segnalazione_ris>
  </segnalazione>
  <segnalazione status="Approvata" id_risposta="65df4551063de" id_prodotto="1">
    <id_domanda>65df42e7893b6</id_domanda>
    <testo_risposta>ffff</testo_risposta>
    <autoreRisposta>federicodelullo84@gmail.com</autoreRisposta>
    <testo_segnalazione_ris>itudgfhcgjvhbkjnkm</testo_segnalazione_ris>
  </segnalazione>
  <segnalazione status="Approvata" id_prodotto="3" id_recensione="65df462d882f3">
    <testo>jhjn</testo>
    <autore>lorenzofrancescotti@gmail.com</autore>
    <testo_segnalazione_rec>iguhijknlk</testo_segnalazione_rec>
  </segnalazione>
  <segnalazione status="Approvata" id_prodotto="3" id_recensione="65df462d882f3">
    <testo>jhjn</testo>
    <autore>lorenzofrancescotti@gmail.com</autore>
    <testo_segnalazione_rec>fdcxz&lt;</testo_segnalazione_rec>
  </segnalazione>
  <segnalazione status="Approvata" id_prodotto="3" id_recensione="65df462d882f3">
    <testo>jhjn</testo>
    <autore>lorenzofrancescotti@gmail.com</autore>
    <testo_segnalazione_rec>nyb5t4vr3cd2esw</testo_segnalazione_rec>
  </segnalazione>
  <segnalazione status="Approvata" id_prodotto="3" id_recensione="65df48e78464b">
    <testo>gfsda</testo>
    <autore>federicodelullo84@gmail.com</autore>
    <testo_segnalazione_rec>cvcccc</testo_segnalazione_rec>
  </segnalazione>
  <segnalazione status="Approvata" id_risposta="65df48fc93720" id_prodotto="3">
    <id_domanda>65df487f919f3</id_domanda>
    <testo_risposta>tfr3des</testo_risposta>
    <autoreRisposta>federicodelullo@gmail.com</autoreRisposta>
    <testo_segnalazione_ris>imyutbrgefwdw</testo_segnalazione_ris>
  </segnalazione>
  <segnalazione status="Approvata" id_domanda="65df487f919f3" id_prodotto="3">
    <testo_domanda>nhbtgvrfcd</testo_domanda>
    <autoreDomanda>federicodelullo84@gmail.com</autoreDomanda>
    <testo_segnalazione_dom>y5htg43rf4e231w</testo_segnalazione_dom>
  </segnalazione>
  <segnalazione status="Approvata" id_prodotto="3" id_recensione="65df48e78464b">
    <testo>gfsda</testo>
    <autore>federicodelullo84@gmail.com</autore>
    <testo_segnalazione_rec>nbtvrfds</testo_segnalazione_rec>
  </segnalazione>
  <segnalazione status="Approvata" id_prodotto="3" id_recensione="65df4903d16f1">
    <testo>5tg4fr3de</testo>
    <autore>federicodelullo@gmail.com</autore>
    <testo_segnalazione_rec>eeeeeeeeee</testo_segnalazione_rec>
  </segnalazione>
  <segnalazione status="Approvata" id_risposta="65df4a5e56b32" id_prodotto="3">
    <id_domanda>65df4a4e2cd78</id_domanda>
    <testo_risposta>rgefwd</testo_risposta>
    <autoreRisposta>federicodelullo84@gmail.com</autoreRisposta>
    <testo_segnalazione_ris>cccc</testo_segnalazione_ris>
  </segnalazione>
  <segnalazione status="Approvata" id_risposta="65df4b0eaf9b2" id_prodotto="3">
    <id_domanda>65df4a4e2cd78</id_domanda>
    <testo_risposta>ffff</testo_risposta>
    <autoreRisposta>federicodelullo84@gmail.com</autoreRisposta>
    <testo_segnalazione_ris>ffffffffff</testo_segnalazione_ris>
  </segnalazione>
  <segnalazione status="Approvata" id_domanda="65df4a4e2cd78" id_prodotto="3" autore_segnalazione="federicodelullo84@gmail.com">
    <testo_domanda>gvcxsza</testo_domanda>
    <autoreDomanda>lorenzofrancescotti@gmail.com</autoreDomanda>
    <testo_segnalazione_dom>cccc</testo_segnalazione_dom>
  </segnalazione>
  <segnalazione status="Rifiutata" id_domanda="65e0fd7c1d78d" id_prodotto="3" autore_segnalazione="immobile@gmail.com">
    <testo_domanda>cane</testo_domanda>
    <autoreDomanda>lorenzofrancescotti@gmail.com</autoreDomanda>
    <testo_segnalazione_dom>non è un cane..</testo_segnalazione_dom>
  </segnalazione>
  <segnalazione status="Rifiutata" id_prodotto="3" id_recensione="65e0fddf5a020">
    <testo>trentatretrentini</testo>
    <autore>immobile@gmail.com</autore>
    <testo_segnalazione_rec>treno</testo_segnalazione_rec>
  </segnalazione>
  <segnalazione status="Approvata" id_domanda="65e0fd6ea9fe4" id_prodotto="3" autore_segnalazione="bellanova@gmail.com">
    <testo_domanda>prova</testo_domanda>
    <autoreDomanda>lorenzofrancescotti@gmail.com</autoreDomanda>
    <testo_segnalazione_dom>grissinbon</testo_segnalazione_dom>
  </segnalazione>
  <segnalazione status="Approvata" id_risposta="65e0fde969592" id_prodotto="3">
    <id_domanda>65e0fd6ea9fe4</id_domanda>
    <testo_risposta>non ha senso</testo_risposta>
    <autoreRisposta>immobile@gmail.com</autoreRisposta>
    <testo_segnalazione_ris>pagina daei</testo_segnalazione_ris>
  </segnalazione>
  <segnalazione status="Approvata" id_risposta="65e0fe240dc1c" id_prodotto="3">
    <id_domanda>65e0fd75017a6</id_domanda>
    <testo_risposta>mmmmhmh</testo_risposta>
    <autoreRisposta>immobile@gmail.com</autoreRisposta>
    <testo_segnalazione_ris>verde</testo_segnalazione_ris>
  </segnalazione>
  <segnalazione status="Approvata" id_domanda="65e0fd7c1d78d" id_prodotto="3" autore_segnalazione="bellanova@gmail.com">
    <testo_domanda>cane</testo_domanda>
    <autoreDomanda>lorenzofrancescotti@gmail.com</autoreDomanda>
    <testo_segnalazione_dom>faina</testo_segnalazione_dom>
  </segnalazione>
  <segnalazione status="Approvata" id_risposta="65e0fe0055e5a" id_prodotto="3">
    <id_domanda>65e0fd7c1d78d</id_domanda>
    <testo_risposta>gatto</testo_risposta>
    <autoreRisposta>immobile@gmail.com</autoreRisposta>
    <testo_segnalazione_ris>gaina</testo_segnalazione_ris>
  </segnalazione>
  <segnalazione status="Approvata" id_risposta="65e0fde969592" id_prodotto="3">
    <id_domanda>65e0fd6ea9fe4</id_domanda>
    <testo_risposta>non ha senso</testo_risposta>
    <autoreRisposta>immobile@gmail.com</autoreRisposta>
    <testo_segnalazione_ris>anime</testo_segnalazione_ris>
  </segnalazione>
  <segnalazione status="Approvata" id_risposta="65e0fde969592" id_prodotto="3">
    <id_domanda>65e0fd6ea9fe4</id_domanda>
    <testo_risposta>non ha senso</testo_risposta>
    <autoreRisposta>immobile@gmail.com</autoreRisposta>
    <testo_segnalazione_ris>naomi</testo_segnalazione_ris>
  </segnalazione>
  <segnalazione status="Approvata" id_domanda="65e0fd6ea9fe4" id_prodotto="3" autore_segnalazione="frendrup@gmail.com">
    <testo_domanda>prova</testo_domanda>
    <autoreDomanda>lorenzofrancescotti@gmail.com</autoreDomanda>
    <testo_segnalazione_dom>dajum</testo_segnalazione_dom>
  </segnalazione>
  <segnalazione status="Approvata" id_risposta="65e0fe0055e5a" id_prodotto="3">
    <id_domanda>65e0fd7c1d78d</id_domanda>
    <testo_risposta>gatto</testo_risposta>
    <autoreRisposta>immobile@gmail.com</autoreRisposta>
    <testo_segnalazione_ris>pompa doppio</testo_segnalazione_ris>
  </segnalazione>
  <segnalazione status="Approvata" id_domanda="65e0fd75017a6" id_prodotto="3" autore_segnalazione="immobile@gmail.com">
    <testo_domanda>bello</testo_domanda>
    <autoreDomanda>lorenzofrancescotti@gmail.com</autoreDomanda>
    <testo_segnalazione_dom>sto segnalando una domanda</testo_segnalazione_dom>
  </segnalazione>
  <segnalazione status="Approvata" id_domanda="65e0fd75017a6" id_prodotto="3" autore_segnalazione="immobile@gmail.com">
    <testo_domanda>bello</testo_domanda>
    <autoreDomanda>lorenzofrancescotti@gmail.com</autoreDomanda>
    <testo_segnalazione_dom>sto segnalando una domanda per la seconda volta</testo_segnalazione_dom>
  </segnalazione>
  <segnalazione status="Approvata" id_domanda="65e0fd75017a6" id_prodotto="3" autore_segnalazione="bellanova@gmail.com">
    <testo_domanda>bello</testo_domanda>
    <autoreDomanda>lorenzofrancescotti@gmail.com</autoreDomanda>
    <testo_segnalazione_dom>sto segnalando la domanda per la 3 volta</testo_segnalazione_dom>
  </segnalazione>
  <segnalazione status="Rifiutata" id_risposta="65e0fe169324c" id_prodotto="3">
    <id_domanda>65e0fd75017a6</id_domanda>
    <testo_risposta>daeiii</testo_risposta>
    <autoreRisposta>immobile@gmail.com</autoreRisposta>
    <testo_segnalazione_ris>sto segnalando una risposta per la prima volta</testo_segnalazione_ris>
  </segnalazione>
  <segnalazione status="Approvata" id_risposta="65e0fe169324c" id_prodotto="3">
    <id_domanda>65e0fd75017a6</id_domanda>
    <testo_risposta>daeiii</testo_risposta>
    <autoreRisposta>immobile@gmail.com</autoreRisposta>
    <testo_segnalazione_ris>segnalazione risposta per la seconda volta</testo_segnalazione_ris>
  </segnalazione>
  <segnalazione status="Approvata" id_prodotto="3" id_recensione="65e0fddf5a020">
    <testo>trentatretrentini</testo>
    <autore>immobile@gmail.com</autore>
    <testo_segnalazione_rec>segnalo recensione for the first time</testo_segnalazione_rec>
  </segnalazione>
  <segnalazione status="Approvata" id_prodotto="3" id_recensione="65e0fe453b035">
    <testo>rauolo</testo>
    <autore>bellanova@gmail.com</autore>
    <testo_segnalazione_rec>questa è unaltra recensione</testo_segnalazione_rec>
  </segnalazione>
  <segnalazione status="Approvata" id_prodotto="3" id_recensione="65e0fe453b035">
    <testo>rauolo</testo>
    <autore>bellanova@gmail.com</autore>
    <testo_segnalazione_rec>secoda segnalazione 2</testo_segnalazione_rec>
  </segnalazione>
  <segnalazione status="Approvata" id_prodotto="3" id_recensione="65e0fddf5a020">
    <testo>trentatretrentini</testo>
    <autore>immobile@gmail.com</autore>
    <testo_segnalazione_rec>seconda segnalazione 1</testo_segnalazione_rec>
  </segnalazione>
  <segnalazione status="Approvata" id_domanda="65e0fd75017a6" id_prodotto="3" autore_segnalazione="frendrup@gmail.com">
    <testo_domanda>bello</testo_domanda>
    <autoreDomanda>lorenzofrancescotti@gmail.com</autoreDomanda>
    <testo_segnalazione_dom>3 seganlazione domanda</testo_segnalazione_dom>
  </segnalazione>
  <segnalazione status="Rifiutata" id_risposta="65e0fe169324c" id_prodotto="3">
    <id_domanda>65e0fd75017a6</id_domanda>
    <testo_risposta>daeiii</testo_risposta>
    <autoreRisposta>immobile@gmail.com</autoreRisposta>
    <testo_segnalazione_ris>risposta segnalata per la terza volta</testo_segnalazione_ris>
  </segnalazione>
  <segnalazione status="Rifiutata" id_risposta="65e103f7b22f6" id_prodotto="3">
    <id_domanda>65e0fd75017a6</id_domanda>
    <testo_risposta>sium</testo_risposta>
    <autoreRisposta>bellanova@gmail.com</autoreRisposta>
    <testo_segnalazione_ris>gg</testo_segnalazione_ris>
  </segnalazione>
  <segnalazione status="Approvata" id_prodotto="3" id_recensione="65e107f39ce7e">
    <testo>bimbo</testo>
    <autore>bellanova@gmail.com</autore>
    <testo_segnalazione_rec>prima segnalazione recensione</testo_segnalazione_rec>
  </segnalazione>
  <segnalazione status="Approvata" id_prodotto="3" id_recensione="65e107f39ce7e">
    <testo>bimbo</testo>
    <autore>bellanova@gmail.com</autore>
    <testo_segnalazione_rec>seconda segnalazione recensione</testo_segnalazione_rec>
  </segnalazione>
  <segnalazione status="Rifiutata" id_prodotto="3" id_recensione="65e107f39ce7e">
    <testo>bimbo</testo>
    <autore>bellanova@gmail.com</autore>
    <testo_segnalazione_rec>terza segnalazione recensione</testo_segnalazione_rec>
  </segnalazione>
  <segnalazione status="Rifiutata" id_prodotto="3" id_recensione="65e107f39ce7e">
    <testo>bimbo</testo>
    <autore>bellanova@gmail.com</autore>
    <testo_segnalazione_rec>rifiuta sta segnalazione</testo_segnalazione_rec>
  </segnalazione>
  <segnalazione status="Approvata" id_domanda="65e107e9d7df7" id_prodotto="3" autore_segnalazione="immobile@gmail.com">
    <testo_domanda>davide paonessa</testo_domanda>
    <autoreDomanda>bellanova@gmail.com</autoreDomanda>
    <testo_segnalazione_dom>prima segnalazione domanda</testo_segnalazione_dom>
  </segnalazione>
  <segnalazione status="Approvata" id_domanda="65e107e9d7df7" id_prodotto="3" autore_segnalazione="immobile@gmail.com">
    <testo_domanda>davide paonessa</testo_domanda>
    <autoreDomanda>bellanova@gmail.com</autoreDomanda>
    <testo_segnalazione_dom>seconda segnalazione domanda</testo_segnalazione_dom>
  </segnalazione>
  <segnalazione status="Approvata" id_prodotto="3" id_recensione="65e107f39ce7e">
    <testo>bimbo</testo>
    <autore>bellanova@gmail.com</autore>
    <testo_segnalazione_rec>recensione 4&#13;
</testo_segnalazione_rec>
  </segnalazione>
  <segnalazione status="Rifiutata" id_domanda="65e107e9d7df7" id_prodotto="3" autore_segnalazione="frendrup@gmail.com">
    <testo_domanda>davide paonessa</testo_domanda>
    <autoreDomanda>bellanova@gmail.com</autoreDomanda>
    <testo_segnalazione_dom>terza segnalazione domanda</testo_segnalazione_dom>
  </segnalazione>
  <segnalazione status="Approvata" id_risposta="65e108581ef44" id_prodotto="3">
    <id_domanda>65e107e9d7df7</id_domanda>
    <testo_risposta>cruciverba</testo_risposta>
    <autoreRisposta>immobile@gmail.com</autoreRisposta>
    <testo_segnalazione_ris>segnalazione 1 risposta </testo_segnalazione_ris>
  </segnalazione>
  <segnalazione status="Approvata" id_risposta="65e108581ef44" id_prodotto="3">
    <id_domanda>65e107e9d7df7</id_domanda>
    <testo_risposta>cruciverba</testo_risposta>
    <autoreRisposta>immobile@gmail.com</autoreRisposta>
    <testo_segnalazione_ris>secnda segnalazione risposta</testo_segnalazione_ris>
  </segnalazione>
  <segnalazione status="Approvata" id_risposta="65e108581ef44" id_prodotto="3">
    <id_domanda>65e107e9d7df7</id_domanda>
    <testo_risposta>cruciverba</testo_risposta>
    <autoreRisposta>immobile@gmail.com</autoreRisposta>
    <testo_segnalazione_ris>3 risposta segalazione</testo_segnalazione_ris>
  </segnalazione>
  <segnalazione status="Approvata" id_domanda="65e1decb8859b" id_prodotto="3" autore_segnalazione="federicodelullo@gmail.com">
    <testo_domanda>tegrwfeqdsl</testo_domanda>
    <autoreDomanda>federicodelullo84@gmail.com</autoreDomanda>
    <testo_segnalazione_dom>jhgjh</testo_segnalazione_dom>
  </segnalazione>
  <segnalazione status="Approvata" id_domanda="65e1ded0697c3" id_prodotto="3" autore_segnalazione="federicodelullo@gmail.com">
    <testo_domanda>ouylikjòbln</testo_domanda>
    <autoreDomanda>federicodelullo84@gmail.com</autoreDomanda>
    <testo_segnalazione_dom>6541263</testo_segnalazione_dom>
  </segnalazione>
  <segnalazione status="Rifiutata" id_prodotto="3" id_recensione="65e1def5cbb47">
    <testo>3rewfsd</testo>
    <autore>federicodelullo84@gmail.com</autore>
    <testo_segnalazione_rec>mmmm</testo_segnalazione_rec>
  </segnalazione>
  <segnalazione status="Rifiutata" id_prodotto="3" id_recensione="65e1defb87c1f">
    <testo>rgevfwcdas</testo>
    <autore>federicodelullo84@gmail.com</autore>
    <testo_segnalazione_rec>7777</testo_segnalazione_rec>
  </segnalazione>
  <segnalazione status="Approvata" id_domanda="65e1decb8859b" id_prodotto="3" autore_segnalazione="federicodelullo@gmail.com">
    <testo_domanda>tegrwfeqdsl</testo_domanda>
    <autoreDomanda>federicodelullo84@gmail.com</autoreDomanda>
    <testo_segnalazione_dom>aaaaaaaaaaaaaaa</testo_segnalazione_dom>
  </segnalazione>
  <segnalazione status="Approvata" id_prodotto="3" id_recensione="65e1def5cbb47" autore_segnalazione="federicodelullo@gmail.com">
    <testo>3rewfsd</testo>
    <autore>federicodelullo84@gmail.com</autore>
    <testo_segnalazione_rec>ddddddddddddddddd</testo_segnalazione_rec>
  </segnalazione>
  <segnalazione status="Rifiutata" id_risposta="65e1e00e681d1" id_prodotto="3" autore_segnalazione="federicodelullo84@gmail.com">
    <id_domanda>65e1decb8859b</id_domanda>
    <testo_risposta>eeeeeeeeeeee</testo_risposta>
    <autoreRisposta>federicodelullo@gmail.com</autoreRisposta>
    <testo_segnalazione_ris>cccccccccccccc</testo_segnalazione_ris>
  </segnalazione>
  <segnalazione status="Approvata" id_domanda="65e1e2f142c59" id_prodotto="2" autore_segnalazione="federicodelullo84@gmail.com">
    <testo_domanda>vvvv</testo_domanda>
    <autoreDomanda>lorenzofrancescotti@gmail.com</autoreDomanda>
    <testo_segnalazione_dom>ddd</testo_segnalazione_dom>
  </segnalazione>
  <segnalazione status="Approvata" id_domanda="65e1e8d0d80cb" id_prodotto="3" autore_segnalazione="federicodelullo@gmail.com">
    <testo_domanda>bgbb</testo_domanda>
    <autoreDomanda>federicodelullo84@gmail.com</autoreDomanda>
    <testo_segnalazione_dom>53</testo_segnalazione_dom>
  </segnalazione>
  <segnalazione status="Approvata" id_prodotto="3" id_recensione="65e1defb87c1f" autore_segnalazione="federicodelullo@gmail.com">
    <testo>rgevfwcdas</testo>
    <autore>federicodelullo84@gmail.com</autore>
    <testo_segnalazione_rec>cccccccccc</testo_segnalazione_rec>
  </segnalazione>
</segnalazioni>
