<?xml version="1.0" encoding="UTF-8"?>
<segnalazioni xmlns:xsi="http://www.w3.org/2001/XMLSchema-instance" xsi:noNamespaceSchemaLocation="segnalazioni.xsd">
  <segnalazione status="Approvata" id_prodotto="3" id_recensione="65cd3869a69fd">
    <testo>ddddddddd</testo>
    <autore>lorenzofrancescotti@gmail.com</autore>
    <testo_segnalazione_rec>sssssssss</testo_segnalazione_rec>
  </segnalazione>
  <segnalazione status="Approvata" id_prodotto="3" id_recensione="65cd3869a69fd">
    <testo>ddddddddd</testo>
    <autore>lorenzofrancescotti@gmail.com</autore>
    <testo_segnalazione_rec>aaaaaaaaaaaaaaa</testo_segnalazione_rec>
  </segnalazione>
  <segnalazione status="Approvata" id_prodotto="3" id_recensione="65cd3869a69fd">
    <testo>ddddddddd</testo>
    <autore>lorenzofrancescotti@gmail.com</autore>
    <testo_segnalazione_rec>qqqqqqqq</testo_segnalazione_rec>
  </segnalazione>
  <segnalazione status="Approvata" id_risposta="65cd3ab06f924" id_prodotto="3">
    <testo_risposta>ffffffffff</testo_risposta>
    <autoreRisposta>lorenzofrancescotti@gmail.com</autoreRisposta>
    <testo_segnalazione_ris>yyyyyyy</testo_segnalazione_ris>
  </segnalazione>
  <segnalazione status="Approvata" id_risposta="65cd3ab06f924" id_prodotto="3">
    <testo_risposta>ffffffffff</testo_risposta>
    <autoreRisposta>lorenzofrancescotti@gmail.com</autoreRisposta>
    <testo_segnalazione_ris>66666666</testo_segnalazione_ris>
  </segnalazione>
  <segnalazione status="Approvata" id_risposta="65cd3e97b4677" id_prodotto="3">
    <id_domanda>65cd3a5e74009</id_domanda>
    <testo_risposta>xxxxxx</testo_risposta>
    <autoreRisposta>lorenzofrancescotti@gmail.com</autoreRisposta>
    <testo_segnalazione_ris>s</testo_segnalazione_ris>
  </segnalazione>
  <segnalazione status="Approvata" id_risposta="65cd3e97b4677" id_prodotto="3">
    <id_domanda>65cd3a5e74009</id_domanda>
    <testo_risposta>xxxxxx</testo_risposta>
    <autoreRisposta>lorenzofrancescotti@gmail.com</autoreRisposta>
    <testo_segnalazione_ris>fffff</testo_segnalazione_ris>
  </segnalazione>
  <segnalazione status="Approvata" id_domanda="65cd3a5e74009" id_prodotto="3">
    <testo_domanda>fffffffff</testo_domanda>
    <autoreDomanda>federico@gmail.com</autoreDomanda>
    <testo_segnalazione_dom>vvvvvv</testo_segnalazione_dom>
  </segnalazione>
  <segnalazione status="Approvata" id_domanda="65cd52f94069b" id_prodotto="4">
    <testo_domanda>domanda 2</testo_domanda>
    <autoreDomanda>gestore@gmail.com</autoreDomanda>
    <testo_segnalazione_dom>brutta domanda, non mi garba</testo_segnalazione_dom>
  </segnalazione>
  <segnalazione status="Rifiutata" id_prodotto="3" id_recensione="65cd514e1632a">
    <testo>figo</testo>
    <autore>lorenzofrancescotti@gmail.com</autore>
    <testo_segnalazione_rec>segnalazione recenzione </testo_segnalazione_rec>
  </segnalazione>
  <segnalazione status="Approvata" id_domanda="65cd52f94069b" id_prodotto="4">
    <testo_domanda>domanda 2</testo_domanda>
    <autoreDomanda>gestore@gmail.com</autoreDomanda>
    <testo_segnalazione_dom>domandaccia</testo_segnalazione_dom>
  </segnalazione>
  <segnalazione status="Approvata" id_risposta="65cd558f0b1d6" id_prodotto="4">
    <id_domanda>65cd52f94069b</id_domanda>
    <testo_risposta>risposta admin 1</testo_risposta>
    <autoreRisposta>admin@gmail.com</autoreRisposta>
    <testo_segnalazione_ris>rispostaccia</testo_segnalazione_ris>
  </segnalazione>
  <segnalazione status="Approvata" id_prodotto="4" id_recensione="65cd5394790d9">
    <testo>molto bella, forza roma!!!</testo>
    <autore>gestore@gmail.com</autore>
    <testo_segnalazione_rec>recensionaccia</testo_segnalazione_rec>
  </segnalazione>
  <segnalazione status="Approvata" id_prodotto="4" id_recensione="65cd5394790d9">
    <testo>molto bella, forza roma!!!</testo>
    <autore>gestore@gmail.com</autore>
    <testo_segnalazione_rec>brutta recensione, non mi garba</testo_segnalazione_rec>
  </segnalazione>
  <segnalazione status="Approvata" id_domanda="65cd52f94069b" id_prodotto="4">
    <testo_domanda>domanda 2</testo_domanda>
    <autoreDomanda>gestore@gmail.com</autoreDomanda>
    <testo_segnalazione_dom>brutta domanda, non mi garba</testo_segnalazione_dom>
  </segnalazione>
  <segnalazione status="Approvata" id_risposta="65cd558f0b1d6" id_prodotto="4">
    <id_domanda>65cd52f94069b</id_domanda>
    <testo_risposta>risposta admin 1</testo_risposta>
    <autoreRisposta>admin@gmail.com</autoreRisposta>
    <testo_segnalazione_ris>brutta risposta, non mi garba</testo_segnalazione_ris>
  </segnalazione>
  <segnalazione status="Rifiutata" id_domanda="65cd52e91689e" id_prodotto="4">
    <testo_domanda>domanda 1</testo_domanda>
    <autoreDomanda>gestore@gmail.com</autoreDomanda>
    <testo_segnalazione_dom>1</testo_segnalazione_dom>
  </segnalazione>
  <segnalazione status="Rifiutata" id_risposta="65cd5586d0da7" id_prodotto="4">
    <id_domanda>65cd52e91689e</id_domanda>
    <testo_risposta>risposta admin 1</testo_risposta>
    <autoreRisposta>admin@gmail.com</autoreRisposta>
    <testo_segnalazione_ris>Goelier?</testo_segnalazione_ris>
  </segnalazione>
  <segnalazione status="Approvata" id_domanda="65cd3c9bc5c49" id_prodotto="3">
    <testo_domanda>ccccc</testo_domanda>
    <autoreDomanda>federico@gmail.com</autoreDomanda>
    <testo_segnalazione_dom>venom</testo_segnalazione_dom>
  </segnalazione>
  <segnalazione status="Approvata" id_domanda="65cd52e91689e" id_prodotto="4">
    <testo_domanda>domanda 1</testo_domanda>
    <autoreDomanda>gestore@gmail.com</autoreDomanda>
    <testo_segnalazione_dom>bubba</testo_segnalazione_dom>
  </segnalazione>
  <segnalazione status="Approvata" id_risposta="65cd5586d0da7" id_prodotto="4">
    <id_domanda>65cd52e91689e</id_domanda>
    <testo_risposta>risposta admin 1</testo_risposta>
    <autoreRisposta>admin@gmail.com</autoreRisposta>
    <testo_segnalazione_ris>genjish</testo_segnalazione_ris>
  </segnalazione>
  <segnalazione status="Approvata" id_risposta="65cd4ffea0727" id_prodotto="3">
    <id_domanda>65cd3c9bc5c49</id_domanda>
    <testo_risposta>dio mio</testo_risposta>
    <autoreRisposta>lorenzofrancescotti@gmail.com</autoreRisposta>
    <testo_segnalazione_ris>turzo</testo_segnalazione_ris>
  </segnalazione>
  <segnalazione status="Rifiutata" id_domanda="65cd56e7f1b2c" id_prodotto="4">
    <testo_domanda>domanda 3&#13;
</testo_domanda>
    <autoreDomanda>federico@gmail.com</autoreDomanda>
    <testo_segnalazione_dom>bo</testo_segnalazione_dom>
  </segnalazione>
  <segnalazione status="Rifiutata" id_risposta="65cd55496e869" id_prodotto="3">
    <id_domanda>65cd542557ee8</id_domanda>
    <testo_risposta>godo</testo_risposta>
    <autoreRisposta>admin@gmail.com</autoreRisposta>
    <testo_segnalazione_ris>dio</testo_segnalazione_ris>
  </segnalazione>
  <segnalazione status="Rifiutata" id_prodotto="3" id_recensione="65cd56436973d">
    <testo>famoc</testo>
    <autore>federico@gmail.com</autore>
    <testo_segnalazione_rec>ok</testo_segnalazione_rec>
  </segnalazione>
  <segnalazione status="Approvata" id_risposta="65cd578175095" id_prodotto="4">
    <id_domanda>65cd56e7f1b2c</id_domanda>
    <testo_risposta>risposta utente 1</testo_risposta>
    <autoreRisposta>lorenzofrancescotti@gmail.com</autoreRisposta>
    <testo_segnalazione_ris>ff</testo_segnalazione_ris>
  </segnalazione>
  <segnalazione status="Approvata" id_risposta="65cd578175095" id_prodotto="4">
    <id_domanda>65cd56e7f1b2c</id_domanda>
    <testo_risposta>risposta utente 1</testo_risposta>
    <autoreRisposta>lorenzofrancescotti@gmail.com</autoreRisposta>
    <testo_segnalazione_ris>dddd</testo_segnalazione_ris>
  </segnalazione>
  <segnalazione status="Approvata" id_risposta="65cd578175095" id_prodotto="4">
    <id_domanda>65cd56e7f1b2c</id_domanda>
    <testo_risposta>risposta utente 1</testo_risposta>
    <autoreRisposta>lorenzofrancescotti@gmail.com</autoreRisposta>
    <testo_segnalazione_ris>dddd</testo_segnalazione_ris>
  </segnalazione>
  <segnalazione status="Approvata" id_risposta="65cd578175095" id_prodotto="4">
    <id_domanda>65cd56e7f1b2c</id_domanda>
    <testo_risposta>risposta utente 1</testo_risposta>
    <autoreRisposta>lorenzofrancescotti@gmail.com</autoreRisposta>
    <testo_segnalazione_ris>cccccc</testo_segnalazione_ris>
  </segnalazione>
  <segnalazione status="Rifiutata" id_domanda="65cd56e7f1b2c" id_prodotto="4">
    <testo_domanda>domanda 3&#13;
</testo_domanda>
    <autoreDomanda>federico@gmail.com</autoreDomanda>
    <testo_segnalazione_dom/>
  </segnalazione>
  <segnalazione status="Rifiutata" id_domanda="65cd56e7f1b2c" id_prodotto="4">
    <testo_domanda>domanda 3&#13;
</testo_domanda>
    <autoreDomanda>federico@gmail.com</autoreDomanda>
    <testo_segnalazione_dom/>
  </segnalazione>
  <segnalazione status="Approvata" id_domanda="65ce70c39798d" id_prodotto="1">
    <testo_domanda>xxxxxxxxxxxxxxx</testo_domanda>
    <autoreDomanda>federicodelullo@gmail.com</autoreDomanda>
    <testo_segnalazione_dom>eeeeeeeeee</testo_segnalazione_dom>
  </segnalazione>
  <segnalazione status="Approvata" id_domanda="65ce70c39798d" id_prodotto="1">
    <testo_domanda>xxxxxxxxxxxxxxx</testo_domanda>
    <autoreDomanda>federicodelullo@gmail.com</autoreDomanda>
    <testo_segnalazione_dom>eeeeeeeeee</testo_segnalazione_dom>
  </segnalazione>
  <segnalazione status="Approvata" id_domanda="65ce70c39798d" id_prodotto="1">
    <testo_domanda>xxxxxxxxxxxxxxx</testo_domanda>
    <autoreDomanda>federicodelullo@gmail.com</autoreDomanda>
    <testo_segnalazione_dom>3333333333333</testo_segnalazione_dom>
  </segnalazione>
  <segnalazione status="Approvata" id_prodotto="1" id_recensione="65ce70c89c8f6">
    <testo>eeeeeeeeeeeeeeeeeeee</testo>
    <autore>federicodelullo@gmail.com</autore>
    <testo_segnalazione_rec>fffffffffffffffff</testo_segnalazione_rec>
  </segnalazione>
  <segnalazione status="Approvata" id_prodotto="1" id_recensione="65ce70c89c8f6">
    <testo>eeeeeeeeeeeeeeeeeeee</testo>
    <autore>federicodelullo@gmail.com</autore>
    <testo_segnalazione_rec>ggggggggggggg</testo_segnalazione_rec>
  </segnalazione>
  <segnalazione status="Approvata" id_prodotto="1" id_recensione="65ce70c89c8f6">
    <testo>eeeeeeeeeeeeeeeeeeee</testo>
    <autore>federicodelullo@gmail.com</autore>
    <testo_segnalazione_rec>bhb</testo_segnalazione_rec>
  </segnalazione>
  <segnalazione status="Approvata" id_domanda="65ce7218f23cb" id_prodotto="1">
    <testo_domanda>hjhgtrertghyt654</testo_domanda>
    <autoreDomanda>federico@gmail.com</autoreDomanda>
    <testo_segnalazione_dom>yyyyyy</testo_segnalazione_dom>
  </segnalazione>
  <segnalazione status="Approvata" id_domanda="65ce7218f23cb" id_prodotto="1">
    <testo_domanda>hjhgtrertghyt654</testo_domanda>
    <autoreDomanda>federico@gmail.com</autoreDomanda>
    <testo_segnalazione_dom>uuuuuuuuuuu</testo_segnalazione_dom>
  </segnalazione>
  <segnalazione status="Approvata" id_domanda="65ce7218f23cb" id_prodotto="1">
    <testo_domanda>hjhgtrertghyt654</testo_domanda>
    <autoreDomanda>federico@gmail.com</autoreDomanda>
    <testo_segnalazione_dom>iiiiiiiiiii</testo_segnalazione_dom>
  </segnalazione>
  <segnalazione status="Approvata" id_domanda="65ce76747cc55" id_prodotto="1">
    <testo_domanda>zzzzzzzzzzzz</testo_domanda>
    <autoreDomanda>federico@gmail.com</autoreDomanda>
    <testo_segnalazione_dom>zzzzz</testo_segnalazione_dom>
  </segnalazione>
  <segnalazione status="Approvata" id_domanda="65ce76747cc55" id_prodotto="1">
    <testo_domanda>zzzzzzzzzzzz</testo_domanda>
    <autoreDomanda>federico@gmail.com</autoreDomanda>
    <testo_segnalazione_dom>xxxxxxxxxxxxxx</testo_segnalazione_dom>
  </segnalazione>
  <segnalazione status="Approvata" id_domanda="65ce76747cc55" id_prodotto="1">
    <testo_domanda>zzzzzzzzzzzz</testo_domanda>
    <autoreDomanda>federico@gmail.com</autoreDomanda>
    <testo_segnalazione_dom>cccccccccccccc</testo_segnalazione_dom>
  </segnalazione>
  <segnalazione status="Approvata" id_domanda="65ce76747cc55" id_prodotto="1">
    <testo_domanda>zzzzzzzzzzzz</testo_domanda>
    <autoreDomanda>federico@gmail.com</autoreDomanda>
    <testo_segnalazione_dom>bbbbbbbbbbb</testo_segnalazione_dom>
  </segnalazione>
  <segnalazione status="Approvata" id_risposta="65ce776f9dd4b" id_prodotto="1">
    <id_domanda>65ce775e8f6bc</id_domanda>
    <testo_risposta>ddddddddddddddd</testo_risposta>
    <autoreRisposta>lorenzofrancescotti@gmail.com</autoreRisposta>
    <testo_segnalazione_ris>bbbbbbbbbbb</testo_segnalazione_ris>
  </segnalazione>
  <segnalazione status="Approvata" id_risposta="65ce776f9dd4b" id_prodotto="1">
    <id_domanda>65ce775e8f6bc</id_domanda>
    <testo_risposta>ddddddddddddddd</testo_risposta>
    <autoreRisposta>lorenzofrancescotti@gmail.com</autoreRisposta>
    <testo_segnalazione_ris>xxxxxxxxxx</testo_segnalazione_ris>
  </segnalazione>
  <segnalazione status="Approvata" id_risposta="65ce776f9dd4b" id_prodotto="1">
    <id_domanda>65ce775e8f6bc</id_domanda>
    <testo_risposta>ddddddddddddddd</testo_risposta>
    <autoreRisposta>lorenzofrancescotti@gmail.com</autoreRisposta>
    <testo_segnalazione_ris>wwwwwwwwwwwwww</testo_segnalazione_ris>
  </segnalazione>
  <segnalazione status="Approvata" id_domanda="65ce775e8f6bc" id_prodotto="1">
    <testo_domanda>zzzzzzzzzz</testo_domanda>
    <autoreDomanda>federico@gmail.com</autoreDomanda>
    <testo_segnalazione_dom>hhhhhhhhhhh</testo_segnalazione_dom>
  </segnalazione>
  <segnalazione status="Approvata" id_domanda="65ce7fe66a226" id_prodotto="1">
    <testo_domanda>fffffff</testo_domanda>
    <autoreDomanda>federicodelullo@gmail.com</autoreDomanda>
    <testo_segnalazione_dom>ciao</testo_segnalazione_dom>
  </segnalazione>
  <segnalazione status="Approvata" id_risposta="65ce81aed941d" id_prodotto="2">
    <id_domanda>65ce8190997b1</id_domanda>
    <testo_risposta>ffffff</testo_risposta>
    <autoreRisposta>x@gmail.com</autoreRisposta>
    <testo_segnalazione_ris>qq</testo_segnalazione_ris>
  </segnalazione>
  <segnalazione status="Approvata" id_risposta="65ce81aed941d" id_prodotto="2">
    <id_domanda>65ce8190997b1</id_domanda>
    <testo_risposta>ffffff</testo_risposta>
    <autoreRisposta>x@gmail.com</autoreRisposta>
    <testo_segnalazione_ris>wwwww</testo_segnalazione_ris>
  </segnalazione>
  <segnalazione status="Approvata" id_risposta="65ce81aed941d" id_prodotto="2">
    <id_domanda>65ce8190997b1</id_domanda>
    <testo_risposta>ffffff</testo_risposta>
    <autoreRisposta>x@gmail.com</autoreRisposta>
    <testo_segnalazione_ris>fff</testo_segnalazione_ris>
  </segnalazione>
  <segnalazione status="Approvata" id_prodotto="2" id_recensione="65ce82aa6c0f6">
    <testo>jjjjjj</testo>
    <autore>dio@gmail.com</autore>
    <testo_segnalazione_rec>ffffffff</testo_segnalazione_rec>
  </segnalazione>
  <segnalazione status="Approvata" id_prodotto="2" id_recensione="65ce82aa6c0f6">
    <testo>jjjjjj</testo>
    <autore>dio@gmail.com</autore>
    <testo_segnalazione_rec>gggggggggggg</testo_segnalazione_rec>
  </segnalazione>
  <segnalazione status="Approvata" id_prodotto="2" id_recensione="65ce82aa6c0f6">
    <testo>jjjjjj</testo>
    <autore>dio@gmail.com</autore>
    <testo_segnalazione_rec>hhhhhhh</testo_segnalazione_rec>
  </segnalazione>
  <segnalazione status="Approvata" id_prodotto="2" id_recensione="65ce82aa6c0f6">
    <testo>jjjjjj</testo>
    <autore>dio@gmail.com</autore>
    <testo_segnalazione_rec>bbbbbbbbbbbbbbbbbbbbbbbbbbbbbbbbbbb</testo_segnalazione_rec>
  </segnalazione>
  <segnalazione status="Approvata" id_domanda="65ce8190997b1" id_prodotto="2">
    <testo_domanda>ddddddd</testo_domanda>
    <autoreDomanda>ff@gmail.com</autoreDomanda>
    <testo_segnalazione_dom>ddddddddd</testo_segnalazione_dom>
  </segnalazione>
  <segnalazione status="Approvata" id_risposta="65ce84b5c1bcf" id_prodotto="2">
    <id_domanda>65ce8190997b1</id_domanda>
    <testo_risposta>ffffff</testo_risposta>
    <autoreRisposta>dio@gmail.com</autoreRisposta>
    <testo_segnalazione_ris>vvvvvvvvv</testo_segnalazione_ris>
  </segnalazione>
  <segnalazione status="Approvata" id_risposta="65ce84b5c1bcf" id_prodotto="2">
    <id_domanda>65ce8190997b1</id_domanda>
    <testo_risposta>ffffff</testo_risposta>
    <autoreRisposta>dio@gmail.com</autoreRisposta>
    <testo_segnalazione_ris>rrrrrrrrrvrvrv</testo_segnalazione_ris>
  </segnalazione>
  <segnalazione status="Approvata" id_risposta="65ce84b5c1bcf" id_prodotto="2">
    <id_domanda>65ce8190997b1</id_domanda>
    <testo_risposta>ffffff</testo_risposta>
    <autoreRisposta>dio@gmail.com</autoreRisposta>
    <testo_segnalazione_ris>qqqqqqqqqq</testo_segnalazione_ris>
  </segnalazione>
  <segnalazione status="Approvata" id_risposta="65ce84b5c1bcf" id_prodotto="2">
    <id_domanda>65ce8190997b1</id_domanda>
    <testo_risposta>ffffff</testo_risposta>
    <autoreRisposta>dio@gmail.com</autoreRisposta>
    <testo_segnalazione_ris>rrrrrrrrrrrrrrrrrrrrrrrrrrrrrrrrrrrrrrrrrrrrrrrr</testo_segnalazione_ris>
  </segnalazione>
  <segnalazione status="Rifiutata" id_risposta="65ce84b5c1bcf" id_prodotto="2">
    <id_domanda>65ce8190997b1</id_domanda>
    <testo_risposta>ffffff</testo_risposta>
    <autoreRisposta>dio@gmail.com</autoreRisposta>
    <testo_segnalazione_ris>hhhhhhhhhhhhhh</testo_segnalazione_ris>
  </segnalazione>
  <segnalazione status="Approvata" id_prodotto="2" id_recensione="65ce87f326eb1">
    <testo>ttttt</testo>
    <autore>franco@gmail.com</autore>
    <testo_segnalazione_rec>ddddd</testo_segnalazione_rec>
  </segnalazione>
  <segnalazione status="Approvata" id_prodotto="2" id_recensione="65ce87f326eb1">
    <testo>ttttt</testo>
    <autore>franco@gmail.com</autore>
    <testo_segnalazione_rec>eeeeeeeee</testo_segnalazione_rec>
  </segnalazione>
  <segnalazione status="Approvata" id_prodotto="2" id_recensione="65ce87f326eb1">
    <testo>ttttt</testo>
    <autore>franco@gmail.com</autore>
    <testo_segnalazione_rec>ggggggg</testo_segnalazione_rec>
  </segnalazione>
  <segnalazione status="Rifiutata" id_domanda="65ce87eabefac" id_prodotto="2">
    <testo_domanda>ggggg</testo_domanda>
    <autoreDomanda>franco@gmail.com</autoreDomanda>
    <testo_segnalazione_dom>bubba</testo_segnalazione_dom>
  </segnalazione>
  <segnalazione status="Rifiutata" id_risposta="65ce880397b02" id_prodotto="2">
    <id_domanda>65ce87eabefac</id_domanda>
    <testo_risposta>fff</testo_risposta>
    <autoreRisposta>ff@gmail.com</autoreRisposta>
    <testo_segnalazione_ris>g</testo_segnalazione_ris>
  </segnalazione>
  <segnalazione status="Rifiutata" id_risposta="65ce880397b02" id_prodotto="2">
    <id_domanda>65ce87eabefac</id_domanda>
    <testo_risposta>fff</testo_risposta>
    <autoreRisposta>ff@gmail.com</autoreRisposta>
    <testo_segnalazione_ris>h</testo_segnalazione_ris>
  </segnalazione>
  <segnalazione status="Rifiutata" id_domanda="65ce87eabefac" id_prodotto="2">
    <testo_domanda>ggggg</testo_domanda>
    <autoreDomanda>franco@gmail.com</autoreDomanda>
    <testo_segnalazione_dom>ff</testo_segnalazione_dom>
  </segnalazione>
  <segnalazione status="Approvata" id_domanda="65ce87eabefac" id_prodotto="2">
    <testo_domanda>ggggg</testo_domanda>
    <autoreDomanda>franco@gmail.com</autoreDomanda>
    <testo_segnalazione_dom>as</testo_segnalazione_dom>
  </segnalazione>
  <segnalazione status="Rifiutata" id_domanda="65ce87eabefac" id_prodotto="2">
    <testo_domanda>ggggg</testo_domanda>
    <autoreDomanda>franco@gmail.com</autoreDomanda>
    <testo_segnalazione_dom>lol</testo_segnalazione_dom>
  </segnalazione>
  <segnalazione status="Approvata" id_domanda="65ce87eabefac" id_prodotto="2">
    <testo_domanda>ggggg</testo_domanda>
    <autoreDomanda>franco@gmail.com</autoreDomanda>
    <testo_segnalazione_dom>k</testo_segnalazione_dom>
  </segnalazione>
  <segnalazione status="Approvata" id_domanda="65ce87eabefac" id_prodotto="2">
    <testo_domanda>ggggg</testo_domanda>
    <autoreDomanda>franco@gmail.com</autoreDomanda>
    <testo_segnalazione_dom>h</testo_segnalazione_dom>
  </segnalazione>
  <segnalazione status="Approvata" id_domanda="65ce87eabefac" id_prodotto="2">
    <testo_domanda>ggggg</testo_domanda>
    <autoreDomanda>franco@gmail.com</autoreDomanda>
    <testo_segnalazione_dom>asd</testo_segnalazione_dom>
  </segnalazione>
  <segnalazione status="Rifiutata" id_domanda="65ce87eabefac" id_prodotto="2">
    <testo_domanda>ggggg</testo_domanda>
    <autoreDomanda>franco@gmail.com</autoreDomanda>
    <testo_segnalazione_dom>ghj</testo_segnalazione_dom>
  </segnalazione>
  <segnalazione status="Approvata" id_domanda="65ce87eabefac" id_prodotto="2">
    <testo_domanda>ggggg</testo_domanda>
    <autoreDomanda>franco@gmail.com</autoreDomanda>
    <testo_segnalazione_dom>asw</testo_segnalazione_dom>
  </segnalazione>
  <segnalazione status="Approvata" id_domanda="65ce87eabefac" id_prodotto="2">
    <testo_domanda>ggggg</testo_domanda>
    <autoreDomanda>franco@gmail.com</autoreDomanda>
    <testo_segnalazione_dom>was</testo_segnalazione_dom>
  </segnalazione>
  <segnalazione status="Approvata" id_risposta="65ce880397b02" id_prodotto="2">
    <id_domanda>65ce87eabefac</id_domanda>
    <testo_risposta>fff</testo_risposta>
    <autoreRisposta>ff@gmail.com</autoreRisposta>
    <testo_segnalazione_ris>nh</testo_segnalazione_ris>
  </segnalazione>
  <segnalazione status="Rifiutata" id_domanda="65ce87eabefac" id_prodotto="2">
    <testo_domanda>ggggg</testo_domanda>
    <autoreDomanda>franco@gmail.com</autoreDomanda>
    <testo_segnalazione_dom>domanda</testo_segnalazione_dom>
  </segnalazione>
  <segnalazione status="Approvata" id_risposta="65ce880397b02" id_prodotto="2">
    <id_domanda>65ce87eabefac</id_domanda>
    <testo_risposta>fff</testo_risposta>
    <autoreRisposta>ff@gmail.com</autoreRisposta>
    <testo_segnalazione_ris>fds</testo_segnalazione_ris>
  </segnalazione>
  <segnalazione status="Approvata" id_domanda="65ce87eabefac" id_prodotto="2">
    <testo_domanda>ggggg</testo_domanda>
    <autoreDomanda>franco@gmail.com</autoreDomanda>
    <testo_segnalazione_dom>gfds</testo_segnalazione_dom>
  </segnalazione>
  <segnalazione status="Approvata" id_domanda="65ce87eabefac" id_prodotto="2">
    <testo_domanda>ggggg</testo_domanda>
    <autoreDomanda>franco@gmail.com</autoreDomanda>
    <testo_segnalazione_dom>fgg</testo_segnalazione_dom>
  </segnalazione>
  <segnalazione status="Approvata" id_risposta="65ce880397b02" id_prodotto="2">
    <id_domanda>65ce87eabefac</id_domanda>
    <testo_risposta>fff</testo_risposta>
    <autoreRisposta>ff@gmail.com</autoreRisposta>
    <testo_segnalazione_ris>klk</testo_segnalazione_ris>
  </segnalazione>
  <segnalazione status="Approvata" id_domanda="65ce87eabefac" id_prodotto="2">
    <testo_domanda>ggggg</testo_domanda>
    <autoreDomanda>franco@gmail.com</autoreDomanda>
    <testo_segnalazione_dom>sasa</testo_segnalazione_dom>
  </segnalazione>
  <segnalazione status="Approvata" id_domanda="65ce87eabefac" id_prodotto="2">
    <testo_domanda>ggggg</testo_domanda>
    <autoreDomanda>franco@gmail.com</autoreDomanda>
    <testo_segnalazione_dom>lpo</testo_segnalazione_dom>
  </segnalazione>
  <segnalazione status="Approvata" id_risposta="65ce880397b02" id_prodotto="2">
    <id_domanda>65ce87eabefac</id_domanda>
    <testo_risposta>fff</testo_risposta>
    <autoreRisposta>ff@gmail.com</autoreRisposta>
    <testo_segnalazione_ris>gfdre</testo_segnalazione_ris>
  </segnalazione>
  <segnalazione status="Approvata" id_risposta="65ce880397b02" id_prodotto="2">
    <id_domanda>65ce87eabefac</id_domanda>
    <testo_risposta>fff</testo_risposta>
    <autoreRisposta>ff@gmail.com</autoreRisposta>
    <testo_segnalazione_ris>awq</testo_segnalazione_ris>
  </segnalazione>
  <segnalazione status="Approvata" id_risposta="65ce880397b02" id_prodotto="2">
    <id_domanda>65ce87eabefac</id_domanda>
    <testo_risposta>fff</testo_risposta>
    <autoreRisposta>ff@gmail.com</autoreRisposta>
    <testo_segnalazione_ris>iiii</testo_segnalazione_ris>
  </segnalazione>
  <segnalazione status="Approvata" id_risposta="65ce880397b02" id_prodotto="2">
    <id_domanda>65ce87eabefac</id_domanda>
    <testo_risposta>fff</testo_risposta>
    <autoreRisposta>ff@gmail.com</autoreRisposta>
    <testo_segnalazione_ris>dsd</testo_segnalazione_ris>
  </segnalazione>
  <segnalazione status="Approvata" id_prodotto="2" id_recensione="65cea11a48f46">
    <testo>hgfdsasdf</testo>
    <autore>lorenzofrancescotti@gmail.com</autore>
    <testo_segnalazione_rec>jk</testo_segnalazione_rec>
  </segnalazione>
  <segnalazione status="Approvata" id_prodotto="2" id_recensione="65cea11a48f46">
    <testo>hgfdsasdf</testo>
    <autore>lorenzofrancescotti@gmail.com</autore>
    <testo_segnalazione_rec>a</testo_segnalazione_rec>
  </segnalazione>
  <segnalazione status="Approvata" id_prodotto="2" id_recensione="65cea11a48f46">
    <testo>hgfdsasdf</testo>
    <autore>lorenzofrancescotti@gmail.com</autore>
    <testo_segnalazione_rec>ciao</testo_segnalazione_rec>
  </segnalazione>
  <segnalazione status="Rifiutata" id_prodotto="2" id_recensione="65cea11a48f46">
    <testo>hgfdsasdf</testo>
    <autore>lorenzofrancescotti@gmail.com</autore>
    <testo_segnalazione_rec>dfgh</testo_segnalazione_rec>
  </segnalazione>
  <segnalazione status="Approvata" id_domanda="65ce87eabefac" id_prodotto="2">
    <testo_domanda>ggggg</testo_domanda>
    <autoreDomanda>franco@gmail.com</autoreDomanda>
    <testo_segnalazione_dom>hhh</testo_segnalazione_dom>
  </segnalazione>
  <segnalazione status="Approvata" id_risposta="65ce880397b02" id_prodotto="2">
    <id_domanda>65ce87eabefac</id_domanda>
    <testo_risposta>fff</testo_risposta>
    <autoreRisposta>ff@gmail.com</autoreRisposta>
    <testo_segnalazione_ris>sdfgh</testo_segnalazione_ris>
  </segnalazione>
  <segnalazione status="Approvata" id_prodotto="2" id_recensione="65cea11a48f46">
    <testo>hgfdsasdf</testo>
    <autore>lorenzofrancescotti@gmail.com</autore>
    <testo_segnalazione_rec>was</testo_segnalazione_rec>
  </segnalazione>
  <segnalazione status="Approvata" id_domanda="65ce87eabefac" id_prodotto="2">
    <testo_domanda>ggggg</testo_domanda>
    <autoreDomanda>franco@gmail.com</autoreDomanda>
    <testo_segnalazione_dom>sdfg</testo_segnalazione_dom>
  </segnalazione>
  <segnalazione status="Approvata" id_domanda="65ce87eabefac" id_prodotto="2">
    <testo_domanda>ggggg</testo_domanda>
    <autoreDomanda>franco@gmail.com</autoreDomanda>
    <testo_segnalazione_dom>sasa</testo_segnalazione_dom>
  </segnalazione>
  <segnalazione status="Approvata" id_prodotto="2" id_recensione="65cea11a48f46">
    <testo>hgfdsasdf</testo>
    <autore>lorenzofrancescotti@gmail.com</autore>
    <testo_segnalazione_rec>ghg</testo_segnalazione_rec>
  </segnalazione>
  <segnalazione status="Approvata" id_domanda="65cea7dc45b85" id_prodotto="2">
    <testo_domanda>sasa</testo_domanda>
    <autoreDomanda>federico@gmail.com</autoreDomanda>
    <testo_segnalazione_dom>cdccc</testo_segnalazione_dom>
  </segnalazione>
  <segnalazione status="Approvata" id_prodotto="2" id_recensione="65ceaa02e7888">
    <testo>bella</testo>
    <autore>federico@gmail.com</autore>
    <testo_segnalazione_rec>eeee</testo_segnalazione_rec>
  </segnalazione>
  <segnalazione status="Approvata" id_prodotto="2" id_recensione="65ceaa02e7888">
    <testo>bella</testo>
    <autore>federico@gmail.com</autore>
    <testo_segnalazione_rec>rr</testo_segnalazione_rec>
  </segnalazione>
  <segnalazione status="Approvata" id_prodotto="2" id_recensione="65ceaa02e7888">
    <testo>bella</testo>
    <autore>federico@gmail.com</autore>
    <testo_segnalazione_rec>tttt</testo_segnalazione_rec>
  </segnalazione>
</segnalazioni>
