<?xml version="1.0" encoding="UTF-8"?>
<acquisti><acquisto id_utente="3"><data>2024-03-01</data><ora>21:44:53</ora><id_prodotto>3</id_prodotto><nome>gg</nome><prezzo_unitario>25</prezzo_unitario><quantita>5</quantita><prezzo_totale>125</prezzo_totale></acquisto><acquisto id_utente="3"><data>2024-03-01</data><ora>21:44:53</ora><id_prodotto>1</id_prodotto><nome>v</nome><prezzo_unitario>5</prezzo_unitario><quantita>6</quantita><prezzo_totale>30</prezzo_totale></acquisto><acquisto id_utente="4"><data>2024-03-01</data><ora>21:54:32</ora><id_prodotto>3</id_prodotto><nome>gg</nome><prezzo_unitario>25</prezzo_unitario><quantita>1</quantita><prezzo_totale>25</prezzo_totale></acquisto><acquisto id_utente="2"><data>2024-03-01</data><ora>21:55:50</ora><id_prodotto>3</id_prodotto><nome>gg</nome><prezzo_unitario>25</prezzo_unitario><quantita>5</quantita><prezzo_totale>125</prezzo_totale></acquisto><acquisto id_utente="2"><data>2024-03-01</data><ora>21:55:50</ora><id_prodotto>1</id_prodotto><nome>v</nome><prezzo_unitario>5</prezzo_unitario><quantita>3</quantita><prezzo_totale>15</prezzo_totale></acquisto><acquisto id_utente="3"><data>2024-03-01</data><ora>21:56:19</ora><id_prodotto>2</id_prodotto><nome>ytgfrdesw</nome><prezzo_unitario>523</prezzo_unitario><quantita>1</quantita><prezzo_totale>523</prezzo_totale></acquisto><acquisto id_utente="3"><data>2024-03-01</data><ora>21:56:44</ora><id_prodotto>3</id_prodotto><nome>gg</nome><prezzo_unitario>25</prezzo_unitario><quantita>2</quantita><prezzo_totale>50</prezzo_totale></acquisto><acquisto id_utente="1"><data>2024-03-01</data><ora>22:12:13</ora><id_prodotto>5</id_prodotto><nome>4f2</nome><prezzo_unitario>6</prezzo_unitario><quantita>2</quantita><prezzo_totale>12</prezzo_totale></acquisto><acquisto id_utente="1"><data>2024-03-01</data><ora>22:12:13</ora><id_prodotto>6</id_prodotto><nome>5rr</nome><prezzo_unitario>2</prezzo_unitario><quantita>4</quantita><prezzo_totale>8</prezzo_totale></acquisto></acquisti>
