<?xml version="1.0" encoding="UTF-8"?>
<acquisti><acquisto id_utente="3"><data>2024-03-08</data><ora>14:57:14</ora><id_prodotto>6</id_prodotto><nome>asfas</nome><prezzo_unitario>5</prezzo_unitario><quantita>2</quantita><prezzo_scontato>4.80</prezzo_scontato><prezzo_totale>9.6</prezzo_totale></acquisto><acquisto id_utente="2"><data>2024-03-09</data><ora>09:07:17</ora><id_prodotto>6</id_prodotto><nome>asfas</nome><prezzo_unitario>5</prezzo_unitario><quantita>1</quantita><prezzo_scontato>4.80</prezzo_scontato><prezzo_totale>4.8</prezzo_totale></acquisto><acquisto id_utente="2"><data>2024-03-09</data><ora>09:07:17</ora><id_prodotto>5</id_prodotto><nome>33</nome><prezzo_unitario>5</prezzo_unitario><quantita>1</quantita><prezzo_scontato>4.75</prezzo_scontato><prezzo_totale>4.75</prezzo_totale></acquisto><acquisto id_utente="2"><data>2024-03-09</data><ora>09:07:17</ora><id_prodotto>6</id_prodotto><nome>asfas</nome><prezzo_unitario>5</prezzo_unitario><quantita>2</quantita><prezzo_scontato>4.80</prezzo_scontato><prezzo_totale>9.6</prezzo_totale></acquisto><acquisto id_utente="1"><data>2024-03-09</data><ora>09:13:59</ora><id_prodotto>6</id_prodotto><nome>asfas</nome><prezzo_unitario>5</prezzo_unitario><quantita>3</quantita><prezzo_scontato>4.80</prezzo_scontato><prezzo_totale>14.4</prezzo_totale></acquisto><acquisto id_utente="1"><data>2024-03-09</data><ora>09:13:59</ora><id_prodotto>3</id_prodotto><nome>GucciMain</nome><prezzo_unitario>60</prezzo_unitario><quantita>1</quantita><prezzo_scontato>42.00</prezzo_scontato><prezzo_totale>42</prezzo_totale></acquisto></acquisti>
