<?xml version="1.0" encoding="UTF-8"?>
<acquisti><acquisto id_utente="3">
<data>2024-03-01</data>
<ora>21:44:53</ora>
<id_prodotto>3</id_prodotto>
<nome>gg</nome>
<prezzo_unitario>25</prezzo_unitario>
<quantita>5</quantita>
<prezzo_totale>125</prezzo_totale>
</acquisto>
<acquisto id_utente="2"><data>2024-03-05</data><ora>18:06:24</ora><id_prodotto>1</id_prodotto><nome>ff</nome><prezzo_unitario>5</prezzo_unitario><quantita>1</quantita><prezzo_scontato/><prezzo_totale>4.85</prezzo_totale></acquisto><acquisto id_utente="2"><data>2024-03-05</data><ora>18:12:26</ora><id_prodotto>1</id_prodotto><nome>ff</nome><prezzo_unitario>5</prezzo_unitario><quantita>3</quantita><prezzo_scontato>4.60</prezzo_scontato><prezzo_totale>13.8</prezzo_totale></acquisto><acquisto id_utente="2"><data>2024-03-05</data><ora>18:13:13</ora><id_prodotto>1</id_prodotto><nome>ff</nome><prezzo_unitario>5</prezzo_unitario><quantita>6</quantita><prezzo_scontato>4.60</prezzo_scontato><prezzo_totale>27.6</prezzo_totale></acquisto><acquisto id_utente="3"><data>2024-03-05</data><ora>20:41:29</ora><id_prodotto>1</id_prodotto><nome>ff</nome><prezzo_unitario>5</prezzo_unitario><quantita>2</quantita><prezzo_scontato/><prezzo_totale>0</prezzo_totale></acquisto><acquisto id_utente="2"><data>2024-03-05</data><ora>20:49:43</ora><id_prodotto>1</id_prodotto><nome>ff</nome><prezzo_unitario>5</prezzo_unitario><quantita>1</quantita><prezzo_scontato>5.00</prezzo_scontato><prezzo_totale>5</prezzo_totale></acquisto><acquisto id_utente="2"><data>2024-03-05</data><ora>20:50:37</ora><id_prodotto>2</id_prodotto><nome>fvv</nome><prezzo_unitario>50</prezzo_unitario><quantita>3</quantita><prezzo_scontato>46.50</prezzo_scontato><prezzo_totale>139.5</prezzo_totale></acquisto><acquisto id_utente="3"><data>2024-03-05</data><ora>21:02:55</ora><id_prodotto>1</id_prodotto><nome>ff</nome><prezzo_unitario>5</prezzo_unitario><quantita>1</quantita><prezzo_scontato>5.00</prezzo_scontato><prezzo_totale>5</prezzo_totale></acquisto><acquisto id_utente="2"><data>2024-03-05</data><ora>22:24:00</ora><id_prodotto>1</id_prodotto><nome>v</nome><prezzo_unitario>5</prezzo_unitario><quantita>1</quantita><prezzo_scontato>4.70</prezzo_scontato><prezzo_totale>4.7</prezzo_totale></acquisto><acquisto id_utente="2"><data>2024-03-05</data><ora>22:33:48</ora><id_prodotto>1</id_prodotto><nome>v</nome><prezzo_unitario>5</prezzo_unitario><quantita>1</quantita><prezzo_scontato>4.70</prezzo_scontato><prezzo_totale>4.7</prezzo_totale></acquisto><acquisto id_utente="2"><data>2024-03-05</data><ora>22:34:25</ora><id_prodotto>1</id_prodotto><nome>v</nome><prezzo_unitario>5</prezzo_unitario><quantita>2</quantita><prezzo_scontato>4.70</prezzo_scontato><prezzo_totale>9.4</prezzo_totale></acquisto><acquisto id_utente="3"><data>2024-03-05</data><ora>22:50:08</ora><id_prodotto>1</id_prodotto><nome>v</nome><prezzo_unitario>5</prezzo_unitario><quantita>1</quantita><prezzo_scontato>4.50</prezzo_scontato><prezzo_totale>4.5</prezzo_totale></acquisto><acquisto id_utente="2"><data>2024-03-07</data><ora>22:40:15</ora><id_prodotto>1</id_prodotto><nome>v</nome><prezzo_unitario>5</prezzo_unitario><quantita>2</quantita><prezzo_scontato>4.30</prezzo_scontato><prezzo_totale>8.6</prezzo_totale></acquisto><acquisto id_utente="2"><data>2024-03-07</data><ora>22:40:15</ora><id_prodotto>3</id_prodotto><nome>Gucci</nome><prezzo_unitario>60</prezzo_unitario><quantita>1</quantita><prezzo_scontato>57.60</prezzo_scontato><prezzo_totale>57.6</prezzo_totale></acquisto><acquisto id_utente="1"><data>2024-03-07</data><ora>22:41:55</ora><id_prodotto>3</id_prodotto><nome>Gucci</nome><prezzo_unitario>60</prezzo_unitario><quantita>2</quantita><prezzo_scontato>57.60</prezzo_scontato><prezzo_totale>115.2</prezzo_totale></acquisto><acquisto id_utente="1"><data>2024-03-07</data><ora>22:41:55</ora><id_prodotto>1</id_prodotto><nome>v</nome><prezzo_unitario>5</prezzo_unitario><quantita>1</quantita><prezzo_scontato>4.50</prezzo_scontato><prezzo_totale>4.5</prezzo_totale></acquisto><acquisto id_utente="1"><data>2024-03-07</data><ora>23:27:50</ora><id_prodotto>3</id_prodotto><nome>Gucci</nome><prezzo_unitario>60</prezzo_unitario><quantita>1</quantita><prezzo_scontato>57.60</prezzo_scontato><prezzo_totale>57.6</prezzo_totale></acquisto><acquisto id_utente="1"><data>2024-03-07</data><ora>23:28:26</ora><id_prodotto>3</id_prodotto><nome>Gucci</nome><prezzo_unitario>60</prezzo_unitario><quantita>16</quantita><prezzo_scontato>57.60</prezzo_scontato><prezzo_totale>921.6</prezzo_totale></acquisto><acquisto id_utente="3"><data>2024-03-08</data><ora>11:26:49</ora><id_prodotto>1</id_prodotto><nome>v</nome><prezzo_unitario>5</prezzo_unitario><quantita>1</quantita><prezzo_scontato>4.50</prezzo_scontato><prezzo_totale>4.5</prezzo_totale></acquisto><acquisto id_utente="3"><data>2024-03-08</data><ora>11:56:06</ora><id_prodotto>3</id_prodotto><nome>Gucci</nome><prezzo_unitario>60</prezzo_unitario><quantita>4</quantita><prezzo_scontato>58.80</prezzo_scontato><prezzo_totale>235.2</prezzo_totale></acquisto><acquisto id_utente="3"><data>2024-03-08</data><ora>11:56:06</ora><id_prodotto>1</id_prodotto><nome>v</nome><prezzo_unitario>5</prezzo_unitario><quantita>2</quantita><prezzo_scontato>4.50</prezzo_scontato><prezzo_totale>9</prezzo_totale></acquisto><acquisto id_utente="3"><data>2024-03-08</data><ora>11:56:06</ora><id_prodotto>5</id_prodotto><nome>33</nome><prezzo_unitario>5</prezzo_unitario><quantita>1</quantita><prezzo_scontato>4.80</prezzo_scontato><prezzo_totale>4.8</prezzo_totale></acquisto><acquisto id_utente="3"><data>2024-03-08</data><ora>11:56:06</ora><id_prodotto>2</id_prodotto><nome>Pantaloncino Italia</nome><prezzo_unitario>30</prezzo_unitario><quantita>1</quantita><prezzo_scontato>28.80</prezzo_scontato><prezzo_totale>28.8</prezzo_totale></acquisto><acquisto id_utente="3"><data>2024-03-08</data><ora>11:56:06</ora><id_prodotto>4</id_prodotto><nome>ff</nome><prezzo_unitario>56</prezzo_unitario><quantita>1</quantita><prezzo_scontato>53.76</prezzo_scontato><prezzo_totale>53.76</prezzo_totale></acquisto><acquisto id_utente="3"><data>2024-03-08</data><ora>11:57:11</ora><id_prodotto>3</id_prodotto><nome>Gucci</nome><prezzo_unitario>60</prezzo_unitario><quantita>2</quantita><prezzo_scontato>58.80</prezzo_scontato><prezzo_totale>117.6</prezzo_totale></acquisto><acquisto id_utente="3"><data>2024-03-08</data><ora>11:57:11</ora><id_prodotto>1</id_prodotto><nome>v</nome><prezzo_unitario>5</prezzo_unitario><quantita>1</quantita><prezzo_scontato>4.50</prezzo_scontato><prezzo_totale>4.5</prezzo_totale></acquisto><acquisto id_utente="3"><data>2024-03-08</data><ora>12:00:54</ora><id_prodotto>3</id_prodotto><nome>Gucci</nome><prezzo_unitario>60</prezzo_unitario><quantita>1</quantita><prezzo_scontato>58.80</prezzo_scontato><prezzo_totale>58.8</prezzo_totale></acquisto><acquisto id_utente="3"><data>2024-03-08</data><ora>12:08:01</ora><id_prodotto>3</id_prodotto><nome>Gucci</nome><prezzo_unitario>60</prezzo_unitario><quantita>2</quantita><prezzo_scontato>58.80</prezzo_scontato><prezzo_totale>117.6</prezzo_totale></acquisto><acquisto id_utente="1"><data>2024-03-08</data><ora>12:22:57</ora><id_prodotto>1</id_prodotto><nome>v</nome><prezzo_unitario>5</prezzo_unitario><quantita>1</quantita><prezzo_scontato>4.50</prezzo_scontato><prezzo_totale>4.5</prezzo_totale></acquisto><acquisto id_utente="1"><data>2024-03-08</data><ora>12:24:28</ora><id_prodotto>3</id_prodotto><nome>Gucci</nome><prezzo_unitario>60</prezzo_unitario><quantita>1</quantita><prezzo_scontato>58.80</prezzo_scontato><prezzo_totale>58.8</prezzo_totale></acquisto><acquisto id_utente="1"><data>2024-03-08</data><ora>12:24:56</ora><id_prodotto>3</id_prodotto><nome>Gucci</nome><prezzo_unitario>60</prezzo_unitario><quantita>1</quantita><prezzo_scontato>58.80</prezzo_scontato><prezzo_totale>58.8</prezzo_totale></acquisto><acquisto id_utente="1"><data>2024-03-08</data><ora>12:27:00</ora><id_prodotto>3</id_prodotto><nome>Gucci</nome><prezzo_unitario>60</prezzo_unitario><quantita>1</quantita><prezzo_scontato>58.80</prezzo_scontato><prezzo_totale>58.8</prezzo_totale></acquisto><acquisto id_utente="1"><data>2024-03-08</data><ora>12:28:04</ora><id_prodotto>3</id_prodotto><nome>Gucci</nome><prezzo_unitario>60</prezzo_unitario><quantita>1</quantita><prezzo_scontato>58.80</prezzo_scontato><prezzo_totale>58.8</prezzo_totale></acquisto><acquisto id_utente="1"><data>2024-03-08</data><ora>12:33:01</ora><id_prodotto>3</id_prodotto><nome>Gucci</nome><prezzo_unitario>60</prezzo_unitario><quantita>2</quantita><prezzo_scontato>56.40</prezzo_scontato><prezzo_totale>112.8</prezzo_totale></acquisto><acquisto id_utente="1"><data>2024-03-08</data><ora>12:33:50</ora><id_prodotto>3</id_prodotto><nome>Gucci</nome><prezzo_unitario>60</prezzo_unitario><quantita>1</quantita><prezzo_scontato>56.40</prezzo_scontato><prezzo_totale>56.4</prezzo_totale></acquisto><acquisto id_utente="1"><data>2024-03-08</data><ora>12:34:36</ora><id_prodotto>3</id_prodotto><nome>Gucci</nome><prezzo_unitario>60</prezzo_unitario><quantita>1</quantita><prezzo_scontato>56.40</prezzo_scontato><prezzo_totale>56.4</prezzo_totale></acquisto><acquisto id_utente="1"><data>2024-03-08</data><ora>12:37:28</ora><id_prodotto>3</id_prodotto><nome>Gucci</nome><prezzo_unitario>60</prezzo_unitario><quantita>1</quantita><prezzo_scontato>56.40</prezzo_scontato><prezzo_totale>56.4</prezzo_totale></acquisto><acquisto id_utente="1"><data>2024-03-08</data><ora>12:47:14</ora><id_prodotto>3</id_prodotto><nome>Gucci</nome><prezzo_unitario>60</prezzo_unitario><quantita>1</quantita><prezzo_scontato>56.40</prezzo_scontato><prezzo_totale>56.4</prezzo_totale></acquisto><acquisto id_utente="1"><data>2024-03-08</data><ora>12:47:14</ora><id_prodotto>3</id_prodotto><nome>Gucci</nome><prezzo_unitario>60</prezzo_unitario><quantita>1</quantita><prezzo_scontato>56.40</prezzo_scontato><prezzo_totale>56.4</prezzo_totale></acquisto><acquisto id_utente="1"><data>2024-03-08</data><ora>12:47:14</ora><id_prodotto>3</id_prodotto><nome>Gucci</nome><prezzo_unitario>60</prezzo_unitario><quantita>1</quantita><prezzo_scontato>56.40</prezzo_scontato><prezzo_totale>56.4</prezzo_totale></acquisto><acquisto id_utente="1"><data>2024-03-08</data><ora>12:50:23</ora><id_prodotto>3</id_prodotto><nome>Gucci</nome><prezzo_unitario>60</prezzo_unitario><quantita>1</quantita><prezzo_scontato>56.40</prezzo_scontato><prezzo_totale>56.4</prezzo_totale></acquisto></acquisti>
