<?xml version="1.0" encoding="UTF-8"?>
<catalogo_prodotti xmlns:xsi="http://www.w3.org/2001/XMLSchema-instance" xsi:noNamespaceSchemaLocation="catalogo_prodotti.xsd">
  
<prodotto><id_prodotto>1</id_prodotto><nome>mm</nome><descrizione>I pantaloncini della squadra italiana di rugby solitamente sono di colore bianco o azzurro, coordinati con la maglia. Possono presentare dettagli come strisce laterali, logo della federazione o altri elementi decorativi che si abbinano al design complessivo dell'uniforme. La scelta del colore e dei dettagli dipende spesso dai fornitori ufficiali e dalle preferenze della squadra. Gli sponsor possono anche essere presenti sui pantaloncini, a seconda degli accordi commerciali in corso. Nel complesso, il pantaloncino completa l'uniforme della squadra italiana di rugby, contribuendo a creare un look distintivo e riconoscibile sul campo di gioco.</descrizione><prezzo>35</prezzo><tipologia>magliette</tipologia><immagine>../img/calzettoni all blacks.jpeg</immagine></prodotto></catalogo_prodotti>
