<?xml version="1.0" encoding="UTF-8"?>
<faq>
    <entry id="1">
        <user>
            <userId>1</userId>
        </user>
        <question>Qual è il costo della spedizione?</question>
        <answers>
            <answer id="1" email="utente1@example.com">Il costo della spedizione dipende dalla destinazione e dal peso del pacco.</answer>
            <answer id="2" email="utente2@example.com">Offriamo opzioni di spedizione standard e express con tariffe competitive.</answer>
            <answer id="65b90b60e40b2" email="federico@gmail.com">5 euro</answer>
</answers>
    </entry>
    <entry id="2">
        <user>
            <userId>3</userId>
        </user>
        <question>Come posso restituire un prodotto?</question>
        <answers>
            <answer id="3" email="utente3@example.com">Puoi richiedere la restituzione entro 30 giorni dalla data di acquisto. Contattaci per ottenere istruzioni dettagliate.</answer>
        </answers>
    </entry>
<entry id="65b8fe9201566"><question>vfecdwxsa</question><answers><answer id="65b8ff8026132" email="email_utente_di_esempio">rtefds</answer><answer id="65b8ffa6b49eb" email="federico@gmail.com">rte</answer></answers></entry><entry id="65b90483cc297"><question>Posso di cnse&#13;
</question><answers><answer id="65b904894175d" email="federico@gmail.com">no&#13;
</answer></answers></entry><entry id="65ba5a5841190"><question>cvbhnjklòplokjhgfcfghujio</question><answers><answer id="65ba5a5d78dc3" email="federico@gmail.com">srhdtgjfghjhkjlk</answer></answers></entry><entry id="65bb8156ecc58"><question>Quanto ci vuole per la spedizione?</question><answers><answer id="65bb8160be4e7" email="federico@gmail.com">Troppo</answer></answers></entry></faq>
