<?xml version="1.0" encoding="UTF-8"?>
<segnalazioni xmlns:xsi="http://www.w3.org/2001/XMLSchema-instance" xsi:noNamespaceSchemaLocation="segnalazioni.xsd">
<segnalazione status="Rifiutata" id_domanda="65be16a0ec846" id_prodotto="1"><testo_domanda>vfecwds</testo_domanda><testo_segnalazione_dom>xx</testo_segnalazione_dom></segnalazione><segnalazione status="Rifiutata" id_risposta="65be16a7000c7" id_prodotto="1"><testo_risposta>cfedw</testo_risposta><testo_segnalazione_ris>hh</testo_segnalazione_ris></segnalazione><segnalazione status="Rifiutata" id_domanda="65be16a0ec846" id_prodotto="1"><testo_domanda>vfecwds</testo_domanda><testo_segnalazione_dom>s</testo_segnalazione_dom></segnalazione><segnalazione status="Rifiutata" id_risposta="65be16a7000c7" id_prodotto="1"><testo_risposta>cfedw</testo_risposta><testo_segnalazione_ris>ff</testo_segnalazione_ris></segnalazione><segnalazione status="Approvata" id_domanda="65be16a0ec846" id_prodotto="1"><testo_domanda>vfecwds</testo_domanda><testo_segnalazione_dom>tfredw</testo_segnalazione_dom></segnalazione><segnalazione status="Approvata" id_risposta="65be16a7000c7" id_prodotto="1"><testo_risposta>cfedw</testo_risposta><testo_segnalazione_ris>fecdw</testo_segnalazione_ris></segnalazione><segnalazione status="Approvata" id_domanda="65be23b7f2e44" id_prodotto="1"><testo_domanda>bthgvrfcedwsqa</testo_domanda><testo_segnalazione_dom>cfxdesw</testo_segnalazione_dom></segnalazione><segnalazione status="Approvata" id_risposta="65be23d27ea63" id_prodotto="1"><testo_risposta>tgvrcd</testo_risposta><testo_segnalazione_ris>tfrde</testo_segnalazione_ris></segnalazione><segnalazione status="Approvata" id_domanda="65be23cc8081d" id_prodotto="1"><testo_domanda>mj thybtgrvfedws</testo_domanda><testo_segnalazione_dom>ft4rde</testo_segnalazione_dom></segnalazione><segnalazione status="Approvata" id_risposta="65be23f8bb55c" id_prodotto="1"><testo_risposta>frdesw</testo_risposta><testo_segnalazione_ris>frdes</testo_segnalazione_ris></segnalazione><segnalazione status="Approvata" id_risposta="65be2420a4b39" id_prodotto="1"><testo_risposta>vtrefcwdxqs</testo_risposta><testo_segnalazione_ris>vefcwdxs</testo_segnalazione_ris></segnalazione><segnalazione status="Approvata" id_domanda="65be2419e6d70" id_prodotto="1"><testo_domanda>grvfecds</testo_domanda><testo_segnalazione_dom>gvfcds</testo_segnalazione_dom></segnalazione><segnalazione status="Approvata" id_risposta="65be243c43831" id_prodotto="1"><testo_risposta>t4fr3de2w</testo_risposta><testo_segnalazione_ris>vrefdw</testo_segnalazione_ris></segnalazione><segnalazione status="Approvata" id_risposta="65be244b9b271" id_prodotto="1"><testo_risposta>trefe</testo_risposta><testo_segnalazione_ris>v</testo_segnalazione_ris></segnalazione><segnalazione status="Approvata" id_risposta="65be244b9b271" id_prodotto="1"><testo_risposta>trefe</testo_risposta><testo_segnalazione_ris>fsdas</testo_segnalazione_ris></segnalazione><segnalazione status="Approvata" id_domanda="65be2446b4bc4" id_prodotto="1"><testo_domanda>vgrcfe</testo_domanda><testo_segnalazione_dom>ciao</testo_segnalazione_dom></segnalazione><segnalazione status="Approvata" id_risposta="65be266596a3f" id_prodotto="1"><testo_risposta>FYGHJH</testo_risposta><testo_segnalazione_ris>HKHJ</testo_segnalazione_ris></segnalazione><segnalazione status="Approvata" id_risposta="65be268c9ed69" id_prodotto="1"><testo_risposta>HFGJHKJB</testo_risposta><testo_segnalazione_ris>JHN</testo_segnalazione_ris></segnalazione><segnalazione status="Approvata" id_risposta="65be268a3a80f" id_prodotto="1"><testo_risposta>UYYHKJLH</testo_risposta><testo_segnalazione_ris>grfsds</testo_segnalazione_ris></segnalazione><segnalazione status="Approvata" id_risposta="65be268c9ed69" id_prodotto="1"><testo_risposta>HFGJHKJB</testo_risposta><testo_segnalazione_ris>etrrweq</testo_segnalazione_ris></segnalazione><segnalazione status="Approvata" id_risposta="65be28bceb831" id_prodotto="1"><testo_risposta>h6rf3edqw</testo_risposta><testo_segnalazione_ris>rfewdw</testo_segnalazione_ris></segnalazione><segnalazione status="Approvata" id_domanda="65be23f4e9b80" id_prodotto="1"><testo_domanda>grfcedw</testo_domanda><testo_segnalazione_dom>rbtevf</testo_segnalazione_dom></segnalazione><segnalazione status="Approvata" id_risposta="65be28bb6547b" id_prodotto="1"><testo_risposta>eryterwedw</testo_risposta><testo_segnalazione_ris>erf</testo_segnalazione_ris></segnalazione></segnalazioni>
