<?xml version="1.0" encoding="UTF-8"?>
<catalogo_prodotti xmlns:xsi="http://www.w3.org/2001/XMLSchema-instance" xsi:noNamespaceSchemaLocation="catalogo_prodotti.xsd">
  <prodotto>
    <id_prodotto>1</id_prodotto>
    <nome>Federico</nome>
    <descrizione>y5bew</descrizione>
    <prezzo>87563</prezzo>
    <tipologia>magliette</tipologia>
    <immagine>../img/images-removebg-preview.png</immagine>
    <recensioni>
      <recensione id_prodotto="1" id_utente="2">
        <utilita>
          <valore>0</valore>
          <valore id_utente="2" reputazione_Vot="">2</valore>
        </utilita>
        <supporto>
          <valore>0</valore>
          <valore id_utente="2" reputazione_Vot="">3</valore>
        </supporto>
        <autore>federico@gmail.com</autore>
        <testo>guhijk</testo>
        <data>2023-12-16</data>
        <ora>11:14:48</ora>
        <id_recensione>657d789b01b81</id_recensione>
      </recensione>
      <recensione id_prodotto="1" id_utente="2">
        <utilita>
          <valore>0</valore>
          <valore id_utente="2" reputazione_Vot="1">2</valore>
        </utilita>
        <supporto>
          <valore>0</valore>
          <valore id_utente="2" reputazione_Vot="1">2</valore>
        </supporto>
        <autore>federico@gmail.com</autore>
        <testo>tdfyguhijkol</testo>
        <data>2023-12-16</data>
        <ora>11:17:17</ora>
        <id_recensione>657d79301d357</id_recensione>
      </recensione>
      <recensione id_prodotto="1" id_utente="2">
        <utilita>
          <valore>0</valore>
          <valore id_utente="2" reputazione_Vot="8">2</valore>
        </utilita>
        <supporto>
          <valore>0</valore>
          <valore id_utente="2" reputazione_Vot="8">1</valore>
        </supporto>
        <autore>federico@gmail.com</autore>
        <testo>tryguhij</testo>
        <data>2023-12-16</data>
        <ora>15:54:23</ora>
        <id_recensione>657dba211f12e</id_recensione>
      </recensione>
      <recensione id_prodotto="1" id_utente="2">
        <utilita>
          <valore>0</valore>
          <valore id_utente="2" reputazione_Vot="8">2</valore>
        </utilita>
        <supporto>
          <valore>0</valore>
          <valore id_utente="2" reputazione_Vot="8">1</valore>
        </supporto>
        <autore>federico@gmail.com</autore>
        <testo>gdfwds</testo>
        <data>2023-12-16</data>
        <ora>16:13:18</ora>
        <id_recensione>657dbe90268ef</id_recensione>
      </recensione>
      <recensione id_prodotto="1" id_utente="2">
        <utilita>
          <valore>0</valore>
          <valore id_utente="2" reputazione_Vot="8">3</valore>
        </utilita>
        <supporto>
          <valore>0</valore>
          <valore id_utente="2" reputazione_Vot="8">2</valore>
        </supporto>
        <autore>federico@gmail.com</autore>
        <testo>erfewdqswqa</testo>
        <data>2023-12-16</data>
        <ora>16:14:10</ora>
        <id_recensione>657dbec402eda</id_recensione>
      </recensione>
      <recensione id_prodotto="1" id_utente="2">
        <utilita>
          <valore>0</valore>
          <valore id_utente="2" reputazione_Vot="6">4</valore>
        </utilita>
        <supporto>
          <valore>0</valore>
          <valore id_utente="2" reputazione_Vot="6">3</valore>
        </supporto>
        <autore>federico@gmail.com</autore>
        <testo>hjkjhnojln</testo>
        <data>2023-12-16</data>
        <ora>16:22:54</ora>
        <id_recensione>657dc0d18d0ba</id_recensione>
      </recensione>
      <recensione id_prodotto="1" id_utente="2">
        <utilita>
          <valore>0</valore>
          <valore id_utente="2" reputazione_Vot="9">5</valore>
        </utilita>
        <supporto>
          <valore>0</valore>
          <valore id_utente="2" reputazione_Vot="9">3</valore>
        </supporto>
        <autore>federico@gmail.com</autore>
        <testo>brtevwdqs</testo>
        <data>2023-12-16</data>
        <ora>16:23:38</ora>
        <id_recensione>657dc0fc38bdd</id_recensione>
      </recensione>
    </recensioni>
  </prodotto>
  <prodotto>
    <id_prodotto>2</id_prodotto>
    <nome>gtrfe2dqws</nome>
    <descrizione>q</descrizione>
    <prezzo>986</prezzo>
    <tipologia>magliette</tipologia>
    <immagine>../img/images-removebg-preview.png</immagine>
    <recensioni>
      <recensione id_prodotto="2" id_utente="2">
        <utilita>
          <valore>0</valore>
          <valore id_utente="2" reputazione_Vot="1">3</valore>
        </utilita>
        <supporto>
          <valore>0</valore>
          <valore id_utente="2" reputazione_Vot="1">2</valore>
        </supporto>
        <autore>federico@gmail.com</autore>
        <testo>rbterfwdqs</testo>
        <data>2023-12-16</data>
        <ora>15:19:45</ora>
        <id_recensione>657db206d2d91</id_recensione>
      </recensione>
    </recensioni>
  </prodotto>
  <prodotto>
    <id_prodotto>3</id_prodotto>
    <nome>vrwcdx</nome>
    <descrizione>wceqxz</descrizione>
    <prezzo>-9865</prezzo>
    <tipologia>magliette</tipologia>
    <immagine>../img/images-removebg-preview.png</immagine>
    <recensioni>
      <recensione id_prodotto="3" id_utente="2">
        <utilita>
          <valore>0</valore>
          <valore id_utente="2" reputazione_Vot="1">5</valore>
          <valore id_utente="2" reputazione_Vot="1">5</valore>
          <valore id_utente="1" reputazione_Vot="1">1</valore>
        </utilita>
        <supporto>
          <valore>0</valore>
          <valore id_utente="2" reputazione_Vot="1">3</valore>
          <valore id_utente="2" reputazione_Vot="1">3</valore>
          <valore id_utente="1" reputazione_Vot="1">1</valore>
        </supporto>
        <autore>federico@gmail.com</autore>
        <testo>ghjkl</testo>
        <data>2023-12-16</data>
        <ora>15:54:33</ora>
        <id_recensione>657dba2bb5e96</id_recensione>
      </recensione>
      <recensione id_prodotto="3" id_utente="2">
        <utilita>
          <valore>0</valore>
          <valore id_utente="2" reputazione_Vot="8">4</valore>
        </utilita>
        <supporto>
          <valore>0</valore>
          <valore id_utente="2" reputazione_Vot="8">3</valore>
        </supporto>
        <autore>federico@gmail.com</autore>
        <testo>tyrtefewqdws</testo>
        <data>2023-12-16</data>
        <ora>16:08:34</ora>
        <id_recensione>657dbd74d2ff5</id_recensione>
      </recensione>
    </recensioni>
  </prodotto>
</catalogo_prodotti>
