<?xml version="1.0" encoding="UTF-8"?>
<catalogo_prodotti xmlns:xsi="http://www.w3.org/2001/XMLSchema-instance" xsi:noNamespaceSchemaLocation="catalogo_prodotti.xsd">
<prodotto><id_prodotto>1</id_prodotto><nome>vfsd</nome><descrizione>grewqdw</descrizione><prezzo>8756</prezzo><tipologia>magliette</tipologia><immagine>../img/images-removebg-preview.png</immagine><recensioni><recensione id_prodotto="1"><utilita><valore>0</valore><valore id_utente="2">3</valore><valore id_utente="1">2</valore></utilita><supporto><valore>0</valore><valore id_utente="2">4</valore><valore id_utente="1">1</valore></supporto><autore>federico@gmail.com</autore><testo>efwdqs</testo><data>2023-12-13</data><ora>14:53:53</ora><id_recensione>6579b773566e8</id_recensione></recensione><recensione id_prodotto="1"><utilita><valore>0</valore><valore id_utente="2">1</valore><valore id_utente="1">2</valore></utilita><supporto><valore>0</valore><valore id_utente="2">2</valore><valore id_utente="1">5</valore></supporto><autore>federico@gmail.com</autore><testo>uyhikj</testo><data>2023-12-13</data><ora>15:04:27</ora><id_recensione>6579b9ecaebd9</id_recensione></recensione><recensione id_prodotto="1"><utilita><valore>0</valore><valore id_utente="2">3</valore><valore id_utente="1">2</valore></utilita><supporto><valore>0</valore><valore id_utente="2">5</valore><valore id_utente="1">3</valore></supporto><autore>federico@gmail.com</autore><testo>dgfhgbj</testo><data>2023-12-13</data><ora>15:26:18</ora><id_recensione>6579bf0d1cd8a</id_recensione></recensione><recensione id_prodotto="1"><utilita><valore>0</valore><valore id_utente="1">2</valore><valore id_utente="2">2</valore></utilita><supporto><valore>0</valore><valore id_utente="1">1</valore><valore id_utente="2">5</valore></supporto><autore>lorenzofrancescotti@gmail.com</autore><testo>itffyhgjkml</testo><data>2023-12-13</data><ora>15:29:06</ora><id_recensione>6579bfb482244</id_recensione></recensione><recensione id_prodotto="1"><utilita><valore>0</valore><valore id_utente="2">3</valore><valore id_utente="1">2</valore></utilita><supporto><valore>0</valore><valore id_utente="2">5</valore><valore id_utente="1">1</valore></supporto><autore>federico@gmail.com</autore><testo>gggg</testo><data>2023-12-13</data><ora>15:39:29</ora><id_recensione>6579c267e7f43</id_recensione></recensione><recensione id_prodotto="1"><utilita><valore>0</valore><valore id_utente="2">1</valore><valore id_utente="1">3</valore></utilita><supporto><valore>0</valore><valore id_utente="2">1</valore><valore id_utente="1">4</valore></supporto><autore>federico@gmail.com</autore><testo>ciao</testo><data>2023-12-13</data><ora>17:26:45</ora><id_recensione>6579db4e9a380</id_recensione></recensione><recensione id_prodotto="1"><utilita><valore>0</valore></utilita><supporto><valore>0</valore></supporto><autore>federico@gmail.com</autore><testo>ciao&#13;
</testo><data>2023-12-15</data><ora>14:03:44</ora><id_recensione>657c4eb4847f2</id_recensione></recensione><recensione id_prodotto="1" id_utente="1"><utilita><valore>0</valore><valore id_utente="1">2</valore><valore id_utente="2">3</valore></utilita><supporto><valore>0</valore><valore id_utente="1">5</valore><valore id_utente="2">5</valore></supporto><autore>lorenzofrancescotti@gmail.com</autore><testo>dgfghjkl</testo><data>2023-12-15</data><ora>14:46:59</ora><id_recensione>657c58d5798d7</id_recensione></recensione><recensione id_prodotto="1" id_utente="2"><utilita><valore>0</valore></utilita><supporto><valore>0</valore></supporto><autore>federico@gmail.com</autore><testo>tg4rf3ed2</testo><data>2023-12-15</data><ora>16:01:32</ora><id_recensione>657c6a4fee0b5</id_recensione></recensione><recensione id_prodotto="1" id_utente="2"><utilita><valore>0</valore><valore id_utente="2">1</valore><valore id_utente="1">1</valore></utilita><supporto><valore>0</valore><valore id_utente="2">1</valore><valore id_utente="1">1</valore></supporto><autore>federico@gmail.com</autore><testo>gtrf31wq\1</testo><data>2023-12-15</data><ora>16:03:56</ora><id_recensione>657c6ade70fa2</id_recensione><n_val>2</n_val></recensione></recensioni></prodotto><prodotto><id_prodotto>2</id_prodotto><nome>Maglia AS Roma 2021-2022</nome><descrizione>maglia bella</descrizione><prezzo>45</prezzo><tipologia>pantaloncini</tipologia><immagine>../img/images-removebg-preview.png</immagine></prodotto></catalogo_prodotti>
